Vocabulary,Part of Speech,Definition
"a, ab, abs",preposition,"(with abl.) from, away from, out of, by"
"abeo, -ire, -ii, -itum",verb,"to go from, go away, go off, go forth, go, depart"
"absum, abesse, afui",verb,"to be away from, be absent"
"accedo (adc-), -ere, -cessi, -cessum",verb,"to go to, come to, come near, draw near, approach, enter"
"accendo (adc-), -ere, -cendi, -censum",verb,"to kindle, set on fire, inflame"
"accido, -ere, -cidi",verb,"to fall upon, fall to, reach by falling, happen"
"accipio (adc-), -ere, -cepi, -ceptum",verb,"to take without effort, receive, get, accept, hear"
"accuso, -are, -avi, -atum",verb,"to accuse, blame, find fault; reprimand; charge (w/ a crime)"
"acer, acris, acre",adjective,"sharp, bitter, pointed, piercing, shrill; keen; severe"
"acies, -ei (f.)",noun,"sharp edge, point; front of an army, battle line; army"
ad,preposition,"(with acc.) to, toward"
"addo, -ere, -didi, -ditum",verb,"to put to, place upon, lay on, join, attach"
"adeo, -ire, -ii, -itum",verb,"to go to, come to, come up to, approach, draw near"
adhuc,adverb,"until now, heretofore, as yet, still, to this point, to this place"
"adsum (assum), adesse, adfui",verb,"to be at, be present, be at hand"
"adsurgo (ass-), -ere, -surrexi, -surrectum",verb,"to rise up, rise, stand up"
"adversus, -a, -um",adjective,"turned to, turned against, opposite, before, in front of; unfavorable"
"adversus, adversum",preposition/adverb,"(with acc.) opposite to, against; toward, against, before"
"aedificium, -i (n.)",noun,building; structure
"aedifico, -are, -avi, -atum",verb,"to build, construct, make; create; establish; improve"
"aeger, -gra, -grum",adjective,"sick, ill, injured; painful; corrupt; sad, sorrowful"
"Aeneas, -ae (m.)",noun (proper),"Aeneas, leader of the Trojans"
"aequo, -are, -avi, -atum",verb,"to make equal, equalize"
"aequor, -oris (n.)",noun,"even surface, level; sea, ocean"
"aequus, -a, -um",adjective,"level, even, equal, like; just, kind, impartial, fair; patient"
"aestas, -atis (f.)",noun,summer; summer heat/weather; a year
"aetas, -atis (f.)",noun,"life of a man, age, lifetime, years"
"aether, -eris (acc. aethera)(m.)",noun,"upper air, sky"
"affirmo (adf-), -are, -avi,-atum",verb,"to strengthen; confirm, encourage; declare"
"ager, agri (m.)",noun,"(productive) land, a field, farm, estate, pasture"
"agmen, -inis (n.)",noun,"multitude, troop, crowd; battle line, army"
"ago, -ere, egi, actum",verb,"to put in motion, do, act, move, lead, drive"
"agricola, -ae (m.)",noun,"farmer, countryman, peasant"
"aio (defective verb, ais, ait,aiunt)",verb,"to assert, affirm, say, tell, relate"
"albus, -a, -um",adjective,"white, pale, fair, gray; bright, clear; favorable, auspicious"
"Alexandrinus, -a, -um",adjective,"Alexandrian, pertaining to Alexandria (a city in Egypt)"
"alienus, -a, -um",adjective,"of another, belonging to another, not one’s own, foreign,alien, strange"
"aliqui (aliquis), aliqua,aliquod",adjective,"some, any"
"aliquis, aliquid","pronoun/adjective","someone, anyone, anybody, one or another; neut.,something, anything"
"alius, -a, -ud",adjective,"another, other, different; one...the other (alius...alius),some...others (alii...alii)"
"alter, -tera, -terum",adjective,"one, another, the one, the other (of two)"
"altum, -i (n.)",noun,height; high sky; deep sea
"altus, -a, -um",adjective,"high, lofty, elevated, great; deep, profound"
"ambulo, -are, -avi, -atum",verb,"to walk, take a walk; travel, march"
"amicitia, -ae (f.)",noun,"friendship; alliance, association; friendly relations"
"amicus, -a, -um",adjective,"loving, friendly, kind, favorable"
"amicus, -i (m.)",noun,"loved one, loving one, friend"
"amitto, -ere, -isi, -issum",verb,"to send away, dismiss, part with, let go, lose"
"amnis, -is (m.)",noun,river
"amo, -are, -avi, -atum",verb,to love
"amor, -oris (m.)",noun,"love, affection, strong friendly feeling"
"amplector, -i, amplexussum",verb,"to twine around, encircle, encompass, embrace"
an,conjunction,"or, or whether"
"ancilla, -ae (f.)",noun,enslaved woman
"angustus, -a, -um",adjective,"narrow, steep, close, confined; scanty, poor;narrowminded, petty"
"anima, -ae (f.)",noun,"air, a current of air, breeze, wind; breath, life, soul"
"animal, -is (n.)",noun,"animal, living thing"
"animus, -i (m.)",noun,"soul, intelligence, reason, intellect, mind; courage"
"annus, -i (m.)",noun,year
ante,"preposition/adverb","(with acc.) (of space) before, in front, forwards; (of time)before, previously"
antea,adverb,"before, before this; formerly, previously, in the past"
"antiquus, -a, -um",adjective,"ancient, former, old, of old times"
"anxius, -a, -um",adjective,"anxious, uneasy, disturbed; concerned; careful"
"aperio, -ire, -ui, -tum",verb,"to uncover, open, disclose; explain, recount; reveal;establish"
"appareo (adp-), -ere, -ui,-itum",verb,"to appear, come in sight, make an appearance"
"appello (adp-), -are, -avi,-atum",verb,"to call, address, name; request, implore, demand"
"Appia, -ae (f.)",noun (proper),a Roman female name (nomen – name of a Roman gens)
"appropinquo (adp-), -are,-avi, -atum",verb,"(with dat. or ad + acc.) to approach; come near to, drawnear (space/time)"
apud,preposition,"(with acc.) with, among, at, by, near, at the house of"
"aqua, -ae (f.)",noun,water
"ara, -ae (f.)",noun,"structure for sacrifice, altar"
"arbor (arbos), -oris (f.)",noun,tree
"architectus, -i (m.)",noun,"architect; inventor, designer"
"arcus, -us (m.)",noun,"bow, arc, arch; rainbow; anything arched or curved"
"ardens, -entis",adjective,"glowing, fiery, hot, ablaze, burning, eager"
"ardeo, -ere, arsi, arsum",verb,"to be on fire, burn, blaze, be burned, glow"
"area, -ae (f.)",noun,"ground, dry land, open space"
"arena (harena), -ae (f.)",noun,"sand, grains of sand; sandy land or desert; seashore;arena"
"arma, -orum (n. pl.)",noun,"implements, outfit, instruments, tools; implements of war,arms, weapons"
"ars, artis (f.)",noun,"practical skill, art"
"arvum, -i (n.)",noun,"field, cultivated land, plowed land"
"arx, arcis (f.)",noun,"castle, citadel, fortress, stronghold"
"ascendo (ads-), -ere,-cendi, -censum",verb,"to climb, go/climb up; mount, scale; embark; rise, ascend,move upward"
"aspicio (ads-), -ere, -exi,-ectum",verb,"to look at, look upon, behold, look"
"at, ast",conjunction,but (introducing a contrast to what precedes)
"ater, atra, atrum",adjective,"black, coal-black, gloomy, dark"
"Athenae, -arum (f. pl.)",noun (proper),Athens (city in Greece)
"athleta, -ae (m.)",noun,"wrestler, boxer, athlete, one who is in public games; expert"
"atque, ac",conjunction,and; than (correl. with alius); as (correl. with idem)
"atrium, -i (n.)",noun,"atrium, reception hall in a Roman house"
"attonitus, -a, -um",adjective,"astonished, fascinated; stupefied, dazed; inspired"
"audacia, -ae (f.)",noun,"boldness, courage, confidence; recklessness"
"audax, -acis",adjective,"bold; courageous; reckless, rash; presumptuous"
"audeo, -ere, ausus sum",verb,"to venture, dare, be bold, dare to do, risk"
"audio, -ire, -ivi (or -ii), -itum",verb,"to hear, listen (to)"
"aura, -ae (f.)",noun,"air (in motion), a breeze, breath of air, wind, blast"
"Aurelius, -i (m.)",noun (proper),a Roman male name (nomen – name of a Roman gens)
"aureus, -a, -um",adjective,"of gold, golden; gilded; gleaming like gold; splendid"
"auris, -is (f.)",noun,ear
"aurum, -i (n.)",noun,gold
aut,conjunction,"or (introducing an antithesis to what precedes); either...or(aut...aut)"
autem,conjunction,"but, on the other hand, on the contrary, however"
"auxilium, -i (n.)",noun,"help, assistance; remedy; supporting resource, force; (pl.)auxiliary troops"
"avunculus, -i (m.)",noun,"maternal uncle, mother’s brother"
"beatus, -a, -um",adjective,"happy, prosperous, blessed, fortunate"
"bellum, -i (n.)",noun,war
bene,adverb,well
"beneficium, -i (n.)",noun,"favor, benefit, service, kindness"
"benignus, -a, -um",adjective,"kind, favorable; kindly, mild, affable"
"bibo, -ere, bibi",verb,to drink
"bonus, -a, -um",adjective,good
"brevis, -e",adjective,"short, small, shallow, brief"
"cado, -ere, cecidi, casum",verb,"to fall, fall down, descend, die"
"caedes, -is (f.)",noun,"cutting-down, killing, slaughter, carnage, massacre"
"Caelius, -i (m.)",noun (proper),a Roman male name (nomen – name of a Roman gens)
"caelum, -i (n.)",noun,"sky, heaven, heavens, vault of heaven"
"caligo, -inis (f.)",noun,"thick air, mist, vapor, fog"
"Camilla, -ae (f.)",noun (proper),"Camilla, warrior and leader of the Volsci"
"campus, -i (m.)",noun,"plain, field, open country, level place"
"candidus, -a, -um",adjective,"bright, clear, transparent; clean, spotless; innocent, pure,unaffected, honest; white, pale"
"canis, -is (m. or f.)",noun,dog
"cano, -ere, cecini, cantum",verb,"to make music; sing (of), sound; prophesize"
"capillus, -i (m.)",noun,"hair of the head, hair"
"capio, -ere, cepi, captum",verb,"to take in hand, take hold of, lay hold of, take, seize, grasp"
"caput, -itis (n.)",noun,head
"carmen, -inis (n.)",noun,"song, poem, verse, prophecy, note, sound (vocal orinstrumental)"
"Carthago (Karthago), -inis(f.)",noun (proper),"Carthage, a city in north Africa"
"carus, -a, -um",adjective,"dear, precious, valued, esteemed, beloved"
"castra, -orum (n. pl.)",noun,"military camp, encampment, fort"
"castrum, -i (n.)",noun,"fortified place, fort, fortress"
"casus, -us (m.)",noun,"falling, falling down, fall; misfortune, mishap, calamity"
"catena, -ae (f.)",noun,"chain, shackle"
"caterva, -ae (f.)",noun,"crowd, troop, throng, band, mob"
"causa, -ae (f.)",noun,"cause, reason, motive, occasion, opportunity; (in theablative) for the sake of"
"caveo, -ere, cavi, cautum",verb,"to beware, avoid, be on guard; guarantee; take care of,decree"
"cedo, -ere, cessi, cessum",verb,"to go from, give place, withdraw, go away, depart, yield,move"
"celebro, -are, -avi, -atum",verb,"to celebrate, perform; frequent; honor; publicize; discuss"
"celer, -eris, -ere",adjective,"swift, fleet, quick, speedy"
"celeritas, -atis (f.)",noun,"speed, quickness; speed of action; haste"
"celo, -are, -avi, -atum",verb,"to hide something from one, keep secret, conceal"
"cena, -ae (f.)",noun,"dinner, principal Roman meal (evening); course, meal"
"ceno, -are, -avi, -atum",verb,"to dine (on), eat, have dinner with"
"certamen, certaminis (n.)",noun,"contest, competition; battle, combat, struggle; rivalry,dispute"
"certus, -a, -um",adjective,"determined, resolved, fixed, settled, purposed, certain"
"ceterus, -a, -um",adjective,"the other, remainder, rest"
"cibus, -i (m.)",noun,"food; eating, a meal"
"cingo, -ere, -xi, -nctum",verb,"to go around, surround, encompass, gird, wreathe, crown"
"cinis, -eris (m.)",noun,ashes
circum,preposition,"(with acc.) around, about, all around"
"civis, -is (m. or f.)",noun,citizen
"civitas, -atis (f.)",noun,"city, state; citizenship"
clam,adverb,"secretly; without knowledge of, unknown to"
"clamo, -are, -avi, -atum",verb,"to call, cry out, shout aloud; complain loudly"
"clamor, -is (m.)",noun,"shout, cry; loud shouting; applause; a loud noise, roar; abattle-cry"
"clarus, -a, -um",adjective,"clear, bright, shining, brilliant"
"classis, -is (f.)",noun,"class, great division; (fig.) army, a fleet"
"Claudia, -ae (f.)",noun (proper),a Roman female name (nomen – name of a Roman gens)
"claudo, -ere, -si, -sum",verb,"to shut, close, shut up"
"cliens, -entis",noun,"client, dependent (of a patron); client state or its citizens,allies"
"clipeus, -i (m.)",noun,round shield of metal
"coepio, -ere, coepi,coeptum",verb,"to begin, commence"
"cognosco, -ere, cognovi,cognitum",verb,"to become acquainted with, acquire knowledge of, learn,understand, recognize"
"cogo, -ere, coegi,coactum",verb,"to drive together, bring together, convene, compel, force"
"colo, -ere, colui, cultum",verb,"to till, tend, care for, cultivate"
"coma, -ae (f.)",noun,"hair of the head, hair"
"comes, -itis (m.)",noun,"companion, associate, comrade, partner"
"committo, -ere, -misi,-missum",verb,"to bring together, join, combine, put together, connect,unite"
"commodus, -a, -um",adjective,"suitable, convenient; timely; favorable, lucky; desirable,agreeable"
"commoveo, -ere, -movi,-motum",verb,"to shake, stir up; start, provoke; displace, trouble, upset;jolt awake"
"comparo, -are, -avi, -atum",verb,"to place together, join; compare, consider; prepare,acquire; arrange, establish"
"compono, -ere, -posui,-positum",verb,"to bring together, place together, join, connect"
"condo, -ere, -didi, -ditum",verb,"to put together, found, establish, build, settle"
"coniunx, -iugis (m. or f.)",noun,"married person, spouse, husband, wife"
"consido, -ere, -sedi,-sessum",verb,"to sit down, be seated; sit ( judge); sink, stop, settle; takeup a position"
"consilium, -i (n.)",noun,"council, body of counsellors; a plan, purpose, intention"
"conspicio, -ere, -spexi,-spectum",verb,"to look at (closely), contemplate, perceive, observe"
"constituo, -ere, -ui, -utum",verb,"to set up; place, locate; stop; decide, appoint; station(troops); establish, create; arrange"
"consul, -is (m.)",noun,consul
"consulo, -ere, -ui, -tum",verb,"to meet and consider, reflect, consult, look out, bemindful"
"consumo, -ere, -sumpsi,-sumptum",verb,"to burn up, destroy; reduce, wear away; extinguish,exhaust; devour, consume; spend, squander"
"contendo, -ere, -tendi,-tentum",verb,"to stretch, draw tight; to draw, bend; to tune; to stretch outfor, rush to, travel; be in a hurry; direct"
"contingo, -ere, -tigi,-tactum",verb,"to touch, reach, take hold of, seize"
contra,adjective/adverb,"in opposition, opposite, face to face; in turn, in return,back, on the other hand, likewise (with acc.)"
"conubium, -i (n.)",noun,marriage
"copia, -ae (f.)",noun,"abundance, ample supply, plenty; (in plural) troops, forces"
"coquo, -ere, coxi, coctum",verb,"to cook; burn, parch; consider, plan"
"Cornelia, -ae (f.)",noun (proper),a Roman female name (nomen – name of a Roman gens)
"cornu, -us (n.)",noun,"horn; hoof; beak, claw; bow; horn, trumpet; end, wing ofan army"
"corpus, -oris (n.)",noun,body (living or lifeless)
"corripio, -ere, -ripui,-reptum",verb,"to seize, snatch up, grasp, collect, take hold of, arrest"
cotidie,adverb,"daily, every day; day by day; usually, ordinarily, commonly"
cras,adverb,"tomorrow; after today; hereafter, in the future"
"credo, -ere, -didi, -ditum",verb,"(with dat.) to believe, trust; to confide in, have confidencein"
"cresco, -ere, crevi, cretum",verb,"to come into being, spring up, arise, be born, grow"
"crimen, -inis (n.)",noun,"judgment, charge, crime, accusation, reproach"
"crudelis, -e",adjective,"rude, unfeeling, hard, hard-hearted, cruel, severe, fierce"
"cubiculum, -i (n.)",noun,"bedroom, room"
"culina, -ae (f.)",noun,kitchen
cum,conjunction,"when, while, since, although"
cum,preposition,"(with abl.) with, together, along with"
"cunctor, -ari, -atus sum",verb,"to delay, linger, loiter; hesitate, doubt"
"cunctus, -a, -um",adjective,"all together, whole, all, entire"
"cupiditas, -atis (f.)",noun,"desire, lust, greed, enthusiasm, eagerness, passion"
"cupio, -ere, -ivi, -itum",verb,"to long for, desire, wish"
cur,adverb,why? wherefore? for what reason?
"cura, -ae (f.)",noun,"trouble, care, concern, attention, pains, industry,diligence, exertion"
"curo, -are, -avi, -atum",verb,"to care, provide for; be attentive to; take charge of; heal,cure"
"curro, -ere, cucurri,cursum",verb,"to run, move quickly, travel quickly"
"currus, -us (m.)",noun,"chariot, car, wagon"
"cursus, -us (m.)",noun,"running, course, way, march, passage, voyage, journey"
"custodio, -ire, -ivi, -itum",verb,"to guard, watch over, keep safe; to take heed, care,observe"
"custos, -odis (m.)",noun,"guard, sentry, protector; doorkeeper, watchman"
"Danai, -orum (pl.)",noun (proper),"the Danaans, the Greeks"
de,preposition,"(with abl.) from, away from, down from, out of, about"
"dea, -ae (f.)",noun,goddess
"debeo, -ere, -ui, -itum",verb,"to owe, be in debt; ought, must, should"
"Decius, -i (m.)",noun (proper),a Roman male name (nomen – name of a Roman gens)
"defendo, -ere, -i,defensum",verb,"to defend, guard, protect, look after; repel, ward off,prevent; support, preserve"
"defessus, -a, -um",adjective,"worn out, weary, tired; weakened"
deinde or dein,adverb,"then, next, thereafter, afterward"
"delecto, -are, -avi, -atum",verb,"to delight, please, amuse, fascinate; charm, lure, entice;enjoy"
"deleo, -ere, -evi, -etum",verb,"to erase, remove, delete; abolish"
"demonstro, -are, -avi,-atum",verb,"to point out/at/to, draw attention to; to explain, describe;reveal, mention, refer to; prove, demonstrate"
denique,adverb,"finally, in the end; and then"
"densus, -a, -um",adjective,"thick, close, compact, dense, crowded"
"descendo, -ere, -i,descensum",verb,"to descend, go down; to dismount; to penetrate, sink"
"desero, -ere, -ui, -tum",verb,"to leave, forsake, abandon, desert, give up"
"desum, -esse, -fui",verb,"to be away, be absent, fail, be wanting, be missing"
"detineo, -ere, -ui, -tentum",verb,"to hold off, keep back, detain, check"
"deus, -i (m.)",noun,"god, deity"
"devoro, -are, -avi, -atum",verb,"to devour, swallow up, overwhelm, destroy; to use up,consume"
"dexter, -tera, -terum, (or-tra, -trum)",adjective,"to the right, on the right side, right"
"dextra (dextera), -ae (f.)",noun,right hand
"Diana, -ae (f.)",noun (proper),"Diana, the goddess of the moon, daughter of Jupiter andLatona and twin sister of Apollo"
"dico, -ere, dixi, dictum",verb,"to say, speak, utter, tell, mention, relate, affirm, declare,state, assert"
"Dido, -onis (f.)",noun (proper),"Dido, queen of Carthage"
"dies, -ei (m. or f.)",noun,"day, daylight"
"difficilis, -e",adjective,"difficult, troublesome; hard to please or deal with"
"digitus, -i (m.)",noun,finger; toe; finger’s breadth
"dignus, -a, -um",adjective,"worthy, deserving, deserved, suitable, fitting, proper"
"diligens, -entis",adjective,careful; diligent; accurate; industrious
"diligentia, -ae (f.)",noun,"diligence, care, attentiveness; frugality; efficiency"
"discedo, -ere, -cessi,-cessum",verb,"to go off, depart, withdraw; scatter; abandon"
"discipulus, -i (m.)",noun,"student, follower"
"disco, -ere, didici",verb,"to learn, learn to know, acquire, become acquainted with"
"dissimilis, -e",adjective,"unlike, different, dissimilar"
diu,adverb,"a long time, long while, long, for a long time"
"diva, -ae (f.)",noun,goddess
"dives, -itis",adjective,rich; costly; productive (land); talented
"divus, -i (m.)",noun,"god, a deity"
"do, dare, dedi, datum",verb,"to give, hand over, deliver, give up, pay, surrender, grant"
"doceo, -ere, -ui, -ctum",verb,"to teach, instruct, inform, show, prove, convince, tell"
"doleo, -ere, -ui, -itum",verb,"to hurt, feel pain; grieve; be pained, sorry; cause pain (to)"
"dolor, -oris (m.)",noun,"pain, ache, suffering, anguish"
"domina, -ae (f.)",noun,"mistress, lady, she who rules; a female slave-owner"
"dominus, -i (m.)",noun,"master, possessor, ruler, lord, owner; a male slave-owner"
"domus, -us or -i (f.)",noun,"house, home, dwelling-house, building, mansion, palace"
"donum, -i (n.)",noun,"gift, present"
"dormio, -ire, -ivi, -itum",verb,"to sleep, rest; do nothing"
"dubius, -a, -um",adjective,"moving two ways, doubting, doubtful, dubious, uncertain"
"duco, -ere, -xi, -ctum",verb,"to lead, conduct, guide, direct, draw, bring, fetch, escort"
"dulcis, -e",adjective,sweet
dum,conjunction,"while, a while, now, yet; so long as, provided that, if only;until, until that"
"duo, -ae, -o",adjective,two
"durus, -a, -um",adjective,"hard (to the touch); harsh, rough, stern, unyielding,unfeeling"
"dux, ducis (m.)",noun,"leader, conductor, guide"
ecce,interjection,lo! see! behold! there! look!
"effundo, -ere, -fudi,-fusum",verb,"to pour out, pour forth, shed, spread abroad"
"ego, mei, mihi, me, me",pronoun,"I, me"
"egredior, -gredi, -gressussum",verb,"to go out, come forth, march out, go away"
"emo, -ere, emi, emptum",verb,"to buy; gain, acquire"
enim,conjunction,"for, for instance, namely, that is to say, I mean, in fact"
eo,adverb,"there, in that place; to there; therefore, for that reason"
"eo, ire, ivi or ii, itum",verb,"to go, walk, ride, sail, fly, move, pass"
"epistula, -ae (f.)",noun,"written communication, letter"
"eques, -itis (m.)",noun,"horseman, rider; cavalryman, horse-soldier, trooper;member of the Equestrian social class"
equidem,adverb,"truly, indeed, certainly, by all means, of course, to be sure"
"equus, -i (m.)",noun,horse
ergo,conjunction,"consequently; therefore, then, so then; because of (withgen.)"
"eripio, -ere, -ipui, -eptum",verb,"to tear out, snatch away, pluck, tear, take away"
"erro, -are, -avi, -atum",verb,"to wander, stray, roam; be in error, err, mistake, go wrong,go astray"
et,conjunction,"and; also, too, besides, likewise, as well, even; both...and(et...et)"
etiam,conjunction,"now too, yet, as yet, even yet, still, even now"
"ex, e",preposition,"(with abl.) out of, from"
"excipio, -ere, -cepi,-ceptum",verb,"to take out, withdraw; except, make an exception,stipulate, reserve"
"excito, -are, -avi, -atum",verb,"to call out, summon forth, bring out, wake, rouse"
"exemplum, -i (n.)",noun,"example, sample; instance; precedent, case; warning,deterrent"
"exerceo, -ere, -ui, -itum",verb,"to exercise, practice; enforce, administer; cultivate"
"exercitus, -us (m.)",noun,"disciplined body of men, army"
"exigo, -ere, -egi, -actum",verb,"to drive out, push forth, thrust out, take out, expel; spend(time); demand; inquire; complete, spend"
"exitus, -us (m.)",noun,"going out, exit, departure; end, conclusion, death"
"explico, -are, -avi, atum (or-ui, -itum)",verb,"to unfold, extend; to set forth, explain"
"exspecto or expecto, -are,-avi, -atum",verb,"to look out for, await, wait for"
"exstinguo or extinguo,-ere, -nxi, -nctum",verb,"to put out, quench, extinguish, destroy"
extra,adverb,"outside of, beyond, without, beside; except"
"extremus, -a, -um",adjective,"outermost, utmost, extreme, farthest, last"
"fabula, -ae (f.)",noun,"story, fable; play"
"facies, -ei (f.)",noun,"appearance, form, figure, shape, build"
"facilis, -e",adjective,"easy to do, easy, without difficulty"
"facio, -ere, feci, factum",verb,"to make, build, produce, compose; do, perform, make"
"fama, -ae (f.)",noun,"report, rumor, saying, talk, tradition, reputation"
"familia, -ae (f.)",noun,household
"fatalis, -e",adjective,"of fate, ordained by destiny, decreed, destined, fated, fatal"
"fatum, -i (n.)",noun,"utterance, prophecy, oracle; destiny, fate"
"faveo, -ere, favi, fautum",verb,"(with dat.) to favor, befriend, support"
"felix, -icis",adjective,"fruitful, productive; bringing good-luck, favorable,fortunate, prosperous; lucky, happy, fortunate"
"femina, -ae (f.)",noun,"female, woman"
"fero, ferre, tuli, latum",verb,"to bear, carry, support, lift, hold, take up; report"
"ferox, -ocis",adjective,"wild, bold; warlike; cruel; defiant, arrogant"
"ferrum, -i (n.)",noun,iron
"ferus, -a, -um",adjective,"wild, untamed, uncultivated"
"festino, -are, -avi, -atum",verb,to hurry
"fides, -ei (f.)",noun,"trust, faith, confidence, reliance, credence, belief"
"figura, -ae (f.)",noun,"form, shape, figure"
"filia, -ae (f.)",noun,daughter
"filius, -i (m.)",noun,son
"fingo, -ere, finxi, fictum",verb,"to touch, form, shape, fashion, make"
"finis, -is (m. or f.)",noun,"that which divides, boundary, limit, border, end"
"fio, fieri, factus sum",verb,"to happen, be done; become"
"flamma, -ae (f.)",noun,"blazing fire, blaze, flame"
"flecto, -ere, flexi, flexum",verb,"to bend, bow, curve, turn, turn round"
"fleo, -ere, flevi, fletum",verb,"to weep, cry, shed tears, lament, wail"
"flos, -oris (m.)",noun,"flower, blossom; youthful prime"
"fluctus, -us (m.)",noun,"wave, flow, tide, surge"
"flumen, -inis (n.)",noun,"a flowing, flood, stream, running water, river"
"fluo, -ere, fluxi, fluxum",verb,to flow; proceed from
"for, fari, fatus sum",verb,"to speak, say"
"forma, -ae (f.)",noun,"form, contour, figure, shape, appearance, looks"
"formido, -inis (f.)",noun,"fearfulness, fear, terror, dread, awe"
fortasse,adverb,"perhaps, possibly; it may be"
forte,adverb,"by chance, by accident"
"fortis, -e",adjective,"strong, firm, stout, courageous, brave, valiant, bold,fearless"
"fortuna, -ae (f.)",noun,"chance, luck, fate, fortune"
"forum, -i (n.)",noun,"forum, market; the Forum (in Rome); court of justice"
"frango, -ere, fregi, fractum",verb,"to break (in pieces), dash to pieces, shiver, shatter,fracture"
"frater, -tris (m.)",noun,brother
frustra,adverb,"in vain; for nothing, to no purpose"
"fuga, -ae (f.)",noun,"fleeing, flight, running away"
"fugio, -ere, fugi, fugitum",verb,"to flee, fly, take flight, run away, make off"
"furor, -oris (m.)",noun,"raving, rage, madness, fury, passion"
"futurus, -a, -um",adjective,"going to be, yet to be, to come, future"
"Gaius (or Caius), -i (m.)",noun (proper),"Gaius, a Roman male name (praenomen) abbreviated C."
"gaudeo, -ere, gavisus sum",verb,"to rejoice, be glad, be joyful, take pleasure, be pleased,delight"
"gaudium, -i (n.)",noun,"joy, gladness, delight"
"geminus, -a, -um",adjective,"born together, twin-born, twin; paired, double, twofold,both, two"
"gemitus, -us (m.)",noun,"a sighing, sigh, groan, lamentation, complaint"
"gens, gentis (f.)",noun,"race, clan, house"
"genus, -eris (n.)",noun,"race, family, birth, descent, origin, sort, kind"
"gero, -ere, gessi, gestum",verb,"to bear about, bear, carry, wear, have, hold, sustain"
"gladiator, -oris (m.)",noun,gladiator
"gladius, -i (m.)",noun,sword
"gloria, -ae (f.)",noun,"glory, fame, renown, praise, honor"
"gradus, -us (m.)",noun,"step, pace, gait, walk"
"gratia, -ae (f.)",noun,"favor, regard, liking, love, friendship; charm, beauty,loveliness"
"gratus, -a, -um",adjective,"beloved, dear, acceptable, pleasing, agreeable"
"gravis, -e",adjective,"heavy, weighty, ponderous, burdensome, loaded, laden,burdened"
"habeo, -ere, -ui, -itum",verb,"to have, hold, support, carry, wear"
"habito, -are, -avi, -atum",verb,"to inhabit, dwell; to live, stay"
"haereo, -ere, haesi,haesum",verb,"to stick, adhere, cling to; to hesitate; to be in difficulties"
"Harpocras, -tis (m.)",noun (proper),a Greek male name
"hasta, -ae (f.)",noun,"staff, rod, pole; spear, javelin"
haud or haut,adverb,"not, not at all, by no means"
"haurio, -ire, hausi,haustum",verb,"to draw up, draw out, draw; to drain, drink up, spill, shed"
"Helvia, -ae (f.)",noun (proper),a Roman female name (nomen – name of a Roman gens)
"herba, -ae (f.)",noun,"grass, herb"
heri,adverb,yesterday
hic,adverb,"here, in this place"
"hic, haec, hoc","pronoun/adjective",this
"hiems, -emis (m.)",noun,"winter; cold, frost; storm, stormy weather"
hinc,adverb,"from this place, hence"
"historia, -ae (f.)",noun,"narrative of past events, history"
hodie,adverb,"today, nowadays; at the present time"
"homo, -inis (m.)",noun,"human being, man, person"
"honor (honos), -oris (m.)",noun,"honor, repute, esteem, reputation, praise, distinction"
"hora, -ae (f.)",noun,hour; time; season
"horrendus, -a, -um",adjective,"dreadful, terrible, fearful, horrible"
"horreo, -ere, -ui",verb,"to shudder (at), stand on end, stand erect, bristle, berough"
"hortus, -i (m.)",noun,garden; park (pl.)
"hospes, -itis (m.)",noun,"guest, visitor; stranger; host"
"hostis, -is (m.)",noun,"stranger, foreigner; enemy, foe, public enemy"
huc,adverb,"to this place, hither"
"humanus, -a, -um",adjective,"of man, human"
"iaceo, -ere, -cui, -citum",verb,"to lie down, be prostrate, lie at rest"
"iacio, -ere, ieci, iactum",verb,to throw (away); establish; declare
"iacto, -are, -avi, -atum",verb,"to throw, cast, hurl"
iam,adverb,"at the moment, at the present moment, now, already, atthis time, just now, at present"
"ianua, -ae (f.)",noun,"door, entrance"
"iatralipta or -es, -ae (m.)",noun,"doctor, especially one who uses massage and ointments"
ibi,adverb,"in that place, there; on the spot, then, thereupon"
"idem, eadem, idem","pronoun/adjective",the same
igitur,conjunction,"then, therefore, thereupon, accordingly, consequently"
"ignavus, -a, -um",adjective,"lazy, idle; spiritless; cowardly, faint-hearted; ignoble"
"ignis, -is (m.)",noun,fire
"ille, illa, illud","pronoun/adjective",that
illic,adverb,"in that place, yonder, there"
"imago, -inis (f.)",noun,"imitation, copy, image, likeness, statue, picture; ghost"
"immineo (inm-), -ere",verb,"to project over, lean toward, hang down over, overhang,loom (over), threaten"
"immortalis (inm-), -e",adjective,"immortal, undying"
"impello (inp-), -ere, -puli,-pulsum",verb,"to strike against, push, drive, strike; set in motion, driveforward, move, urge on"
"imperator, -oris (m.)",noun,"commander, leader, chief, director, ruler, general, emperor"
"imperium, -i (n.)",noun,"command, order; supreme power, sway, dominion, empire"
"impetus, -us (m.)",noun,"attack, assault, onset; violence, fury, rush, force"
"implico (inp-), -are, -avi,-atum (or -ui, -itum)",verb,"to enfold, involve, entangle, envelop, encircle, embrace,clasp, grasp"
"impono (inp-), -ere, -posui,-positum",verb,"to place upon, set on, impose, establish, introduce, set,place"
in,preposition,"(with abl.) in, on; (with acc.) into, to, onto, against"
"incendium, -i (n.)",noun,"fire; fiery heat; fiery passion, love, hostility; incendiarymissile; (pl.) flames"
"incertus, -a, -um",adjective,"not fixed, unsettled, undetermined; hesitating, undecided,doubtful, at a loss"
"incido, -ere, -cidi",verb,"to fall in, fall, light, strike, reach, find the way"
"incipio, -ere, -cepi,-ceptum",verb,"to take hold, take in hand, begin"
"incito, -are, -avi, -atum",verb,"to enrage; urge on, incite; inspire"
inde,adverb,"from that place, from there, thence"
"induo, -ere, -ui, -utum",verb,"to put on, clothe, cover; to dress oneself in"
"infans, -ntis",adjective,"speechless; (as a noun) little child, infant, baby"
"infelix, -icis",adjective,"unfruitful, not fertile, barren; unfortunate, ill-fated,unhappy, miserable, unlucky"
"inferus, -a, -um",adjective,"below, beneath, underneath, lower, of the lower world"
"ingenium, -i (n.)",noun,"innate quality, nature, temperament, constitution,character"
"ingens, -entis",adjective,"not natural, vast, huge, enormous, great, remarkable"
"inimicus, -a, -um",adjective,"unfriendly, hostile, inimical; (as a noun) enemy"
"initium, -i (n.)",noun,beginning; entrance
"iniuria, -ae (f.)",noun,"injustice, wrong, outrage, injury, insult"
"inquam (defective verb,inquis, inquit, inquimus,inquiunt)",verb,to say
"insanus, -a, -um",adjective,"insane, unhealthy in mind"
"inspicio, -ere, -spexi,-spectum",verb,"to examine, inspect; to consider, look into"
"insula, -ae (f.)",noun,island; apartment building
"intellego, -ere, -exi,-ectum",verb,to understand; realize
"intendo, -ere, -di, -tum",verb,"to stretch out, reach forth, extend"
"intentus, -a, -um",adjective,"eager, intent, attentive; strict; intense, strenuous; serious"
inter,preposition,"(with acc.) between, among"
interdum,adverb,"sometimes, occasionally, now and then, meanwhile"
interea,adverb,"meanwhile, in the meantime"
"interficio, -ere, -feci,-fectum",verb,"to kill, destroy"
interim,adverb,"meanwhile, in the meantime"
intra,preposition,"(with acc.) (of space) within, inside, on the inside; (of time)during; fewer than"
"intro, -are, -avi, -atum",verb,"to go into, enter"
"invenio, -ire, -veni,-ventum",verb,"to come upon, find, meet with, light upon"
"invitus, -a, -um",adjective,"reluctant, unwilling; against one’s will"
"ipse, -a, -um","pronoun/adjective","self, in person, himself, herself, itself, etc."
"ira, -ae (f.)",noun,"anger, wrath, rage, ire, passion, indignation"
"iratus, -a, -um",adjective,"angry, angered; violent"
"is, ea, id","pronoun/adjective","he, she, it; this, that, the"
"iste, -a, -ud","pronoun/adjective","that, this, that of yours"
ita,adverb,"in this manner, in such a way, so, thus, accordingly, as hasbeen said"
"Italia, -ae (f.)",noun (proper),Italy
itaque,conjunction,"and so, and thus, and accordingly"
"iter, itineris (n.)",noun,"a going, walk, way, journey, passage, march, voyage"
iterum,adverb,"again, a second time, once more, anew"
"iubeo, -ere, iussi, iussum",verb,"to order, give an order, bid, tell, command"
"iudex, -icis (m.)",noun,judge; juror
"iugum, -i (n.)",noun,"yoke, collar; height, summit, ridge, chain of mountains"
"Iulia, -ae (f.)",noun (proper),a Roman female name (nomen – name of a Roman gens)
"Iuno, -onis (f.)",noun (proper),"Juno, queen of the gods, daughter of Saturn, sister andwife of Jupiter, goddess of marriage"
"Iuppiter (Iupi-), Iovis (m.)",noun (proper),"Jupiter, Jove, king of the gods, son of Saturn, brother andhusband of Juno, god of the sky"
"ius, iuris (n.)",noun,"right, justice, duty, law"
"iuvenis, -is (m. or f.)",noun,"young person, youth"
"iuvo, -are, iuvi, iutum",verb,"to help, aid, assist, further, serve, support, benefit, delight,please"
iuxta,preposition,"(with acc.) near, close to, next to; on par with, like"
"labor, -i, lapsus sum",verb,"to glide, slide, move, fall, slip, float, pass, flow"
"labor, -oris (m.)",noun,"labor, toil, exertion"
"laboro, -are, -avi, -atum",verb,"to work; produce; be troubled, sick, oppressed, in distress"
"lacrima (lacruma), -ae (f.)",noun,tear
"lacrimo, -are, -avi, -atum",verb,"to cry, shed tears"
"laedo, -ere, -si, -sum",verb,"to hurt, wound, injure, damage"
"laetitia, -ae (f.)",noun,"joy, happiness; source of joy, delight"
"laetus, -a, -um",adjective,"happy, joyful, cheerful, glad, delighted, full of joy"
"Laocoön, -ontis (m.)",noun (proper),"Laocoön, a Trojan prince and priest of Apollo, serving asthe priest of Neptune in the last days of Troy"
"lapis, -idis (m.)",noun,stone
"Latium, -i (n.)",noun (proper),"Latium, the region of Italy in which Rome was situated"
"latus, -eris (n.)",noun,"side, flank"
"laudo, -are, -avi, -atum",verb,"to praise, commend, honor, approve"
"laus, laudis (f.)",noun,"praise, commendation, glory, fame, renown, esteem"
"lavo, -are (or -ere), lavi,lautus (or lotus)",verb,"to wash, bathe"
"lectus, -i (m.)",noun,"couch, bed"
"legatus, -i (m.)",noun,"ambassador, legate"
"legio, -onis (f.)",noun,"body of soldiers, legion"
"lego, -ere, legi, lectum",verb,"to bring together, gather, choose; to read"
"lentus, -a, -um",adjective,slow
"leo, leonis (m.)",noun,lion
"levis, -e",adjective,"light, not heavy"
"lex, legis (f.)",noun,"law, bill, regulation, principle, rule"
"liber, -bri (m.)",noun,"bark of a tree; paper, book"
"liber, -era, -erum",adjective,"free, unrestricted, unrestrained, unimpeded, unshackled"
"liberi, -orum (m. pl.)",noun,children
"libero, -are, -avi, -atum",verb,"to free; acquit, absolve; liberate, release"
"liberta, -ae (f.)",noun,"freedwoman, freed person, formerly enslaved woman"
"libertas, -atis (f.)",noun,"freedom, liberty, absence of restraint, permission"
"libertus, -i (m.)",noun,"freedman, freed person, formerly enslaved man"
"licet, -ere, licuit andlicitum est",verb,"it is lawful, is allowed, is permitted; even if, although,notwithstanding"
"limen, -inis (n.)",noun,"threshold, sill"
"lingua, -ae (f.)",noun,"tongue; speech, language"
"littera, -ae (f.)",noun,"letter (of the alphabet); (pl.) letter, epistle; literature, books,records, account"
"litus, -oris (n.)",noun,"seashore, seaside, beach"
"Livia, -ae (f.)",noun (proper),a Roman female name (nomen – name of a Roman gens)
"locus or locum, -i (m.)",noun,"place, spot"
longe,adverb,"a long way off, far, far off, at a distance"
"longus, -a, -um",adjective,"long, extended"
"loquor, -i, locutus sum",verb,"to speak, talk, say, tell, mention, utter"
"Lucilius, -i (m.)",noun (proper),a Roman male name (nomen – name of a Roman gens)
"ludo, -ese, lusi, lusum",verb,"to play, mock, tease, trick"
"ludus, -i (m.)",noun,"game, play, sport, pastime, entertainment, fun; school,elementary school"
"lumen, -inis (n.)",noun,"light, daylight; brightness; day; life; eye"
"luna, -ae (f.)",noun,moon; month
"lupus, -i (m.)",noun,wolf
"lux, lucis (f.)",noun,"light, brightness"
"machina, -ae (f.)",noun,"machine, engine"
magis,adverb,"more, in a higher degree, more completely"
"magister, -i (m.)",noun,"teacher, tutor, master, expert, chief; pilot of a ship"
"magnus, -a, -um",adjective,"great, large"
"malo, malle, malui",verb,"to prefer, incline toward, wish rather"
"malum, -i (n.)",noun,"an evil, mischief, misfortune, calamity"
"malus, -a, -um",adjective,"bad, not good, evil"
mane,adverb,in the morning; early in the morning
"maneo, -ere, -nsi, -nsum",verb,"to stay, remain, abide, wait for, expect"
"manus, -us (f.)",noun,hand; band (of soldiers)
"mare, -is (n.)",noun,sea
"maritus, -i (m.)",noun,"married man, husband"
"mater, -tris (f.)",noun,mother
maxime or maxume,adverb,"in the highest degree, especially, exceedingly, very"
"medicus, -i (m.)",noun,"doctor, surgeon"
"medium, -i (n.)",noun,"middle, midst, center, interval, intervening space"
"medius, -a, -um",adjective,"in the middle, in the midst, mid, mean, middle (of)"
"membrum, -i (n.)",noun,"of the body, a limb, member"
"memini, -isse",verb,"(a defective verb) to remember, recollect; (with gen.) thinkof, is mindful of"
"memor, -oris",adjective,"mindful, remembering, heedful"
"memoria, -ae (f.)",noun,"memory, recollection; history"
"mens, mentis (f.)",noun,"mind, disposition, feeling, character, heart, soul"
"mensa, -ae (f.)",noun,"table; course, meal; counter (of a market stall or bank)"
"mensis, -is (m.)",noun,month
"mercator, -oris (m.)",noun,"trader, merchant"
"mereo, -ere, -ui, -itum",verb,"to deserve, merit, be entitled to, be worthy of; earn"
"metuo, -ere, -ui",verb,"to fear, be afraid, stand in fear, be apprehensive"
"metus, -us (m.)",noun,"fear, dread, apprehension, anxiety"
"meus, -a, -um",adjective,"of me, my, mine, belonging to me, my own"
"miles, -itis (m.)",noun,soldier
"mille (pl. milia or millia) orM (n.)",noun,"a thousand, ten hundred"
minus,adverb,less
"mirabilis, -e",adjective,"strange, amazing, marvelous; singular"
"misceo, -ere, miscui,mixtum",verb,"to mix, mingle, intermingle, blend"
"Misenum, -i (n.)",noun (proper),"Misenum, a town and harbor in Campania"
"miser, -era, -erum",adjective,"wretched, unfortunate, miserable, pitiable, in distress"
"mitto, -ere, misi, missum",verb,"to send, cause to go, let go, send off, dispatch"
modo,adverb,"only, merely, solely, simply, but, no more than"
"modus, -i (m.)",noun,"measure, extent, quantity; manner, way, mode"
"moenia, -ium (n. pl.)",noun,"defensive walls, ramparts, bulwarks, city walls"
"mollis, -e",adjective,"yielding, flexible, supple, soft, tender, delicate, gentle,mild, pleasant"
"moneo, -ere, -ui, -itum",verb,"to remind, advise, warn; teach; admonish; foretell"
"mons, montis (m.)",noun,"mountain, mount, range of mountains"
"monstrum, -i (n.)",noun,"divine omen, miracle; monster"
"mora, -ae (f.)",noun,"delay, procrastination"
"morior, -iri, mortuus sum",verb,"to die, expire"
"moror, -ari, -atus sum",verb,"to delay, stay, wait, remain, linger"
"mors, -tis (f.)",noun,death
"mos, moris (m.)",noun,"will, way, habit, manner, fashion, custom, practice"
"moveo, -ere, movi, motum",verb,"to move, stir, set in motion, shake, disturb, remove"
mox,adverb,"soon, directly, presently, then"
"mulier, -eris (f.)",noun,woman
"multitudo, -inis (f.)",noun,"multitude, great number; crowd; rabble, mob"
multum,adverb,"much, very much, greatly"
"multus, -a, -um",adjective,"much, great, many"
"mundus, -i (m.)",noun,"universe, world, heavens, earth"
"munus, -eris (n.)",noun,"service, office, duty; gift, present"
"murus, -i (m.)",noun,"wall, city wall"
"Musonius, -i (m.)",noun (proper),a Roman male name (nomen – name of a Roman gens)
"muto, -are, -avi, -atum",verb,"to move, move away, remove, change"
nam or namque,conjunction,"for, you see"
"narro, -are, -avi, -atum",verb,"to make known, tell, relate, narrate, report, recount, setforth"
"nascor, -i, natus sum",verb,"to be born, begin life, be produced, proceed, be begotten"
"natura, -ae (f.)",noun,"nature, natural constitution, property, quality"
"natus (gnatus), -i (m.)",noun,son
"nauta, -ae (m.)",noun,sailor
"navigo, -are, -avi, -atum",verb,to sail; navigate
"navis, -is (f.)",noun,ship
ne,"adverb/conjunction","no, not, (+ quidem) not even, that not, lest, so that not"
-ne,enclitic,"added in a direct question as a question mark to the firstor principal word of the clause"
nec or neque,conjunction,"and not, also not, nor; neither...nor (nec/neque...nec/neque)"
necesse,adjective,"necessary, essential; unavoidable, compulsory, inevitable;true"
"neglego, -ere, -exi, -ectum",verb,"to disregard, neglect, ignore; do nothing about"
"nego, -are, -avi, -atum",verb,"to say no, deny, refuse"
"negotium, -i (n.)",noun,"work, business, activity, job; pain, trouble, annoyance,distress"
"nemo, -inis",pronoun,"no man, no one, nobody"
"nemus, -oris (n.)",noun,"tract of woodland, wood, forest, grove"
"nescio, -ire, -ivi, -itum",verb,"to not know (how); be ignorant, unfamiliar, unaware,unable"
ni,"adverb/conjunction","not; if not, unless"
"niger, -gra, -grum",adjective,"black, dark"
nihil or nil,pronoun,nothing
nisi,conjunction,"if not, unless, except"
"nobilis, -e",adjective,"that is known, well-known, famous, noted, celebrated,renowned"
"nolo, nolle, nolui",verb,"to wish ... not, not to wish; be unwilling, refuse"
"nomen, -inis (n.)",noun,"a means of knowing, name"
non,adverb,"not, by no means, not at all"
nondum,adverb,not yet
nonne,adverb,"...right?, ...correct?, ...yes? [indicates a question thatexpects a “yes” answer]"
"nos, nostrum/nostri,nobis, nos, nobis",pronoun,"we, us"
"nosco, -ere, novi, notum",verb,"to get knowledge of, become acquainted with, come toknow, learn, discern"
"noster, -stra, -strum",adjective,"our, our own, ours, of us"
"notus, -a, -um",adjective,"known, well known"
"novus, -a, -um",adjective,"new, not old, young, fresh, recent"
"nox, noctis (f.)",noun,night
"nubes, -is (f.)",noun,"cloud, mist, vapor"
"nubila, -orum (n. pl.)",noun,"clouds, rainclouds"
"nullus, -a, -um",adjective,"not any, none, no"
num,adverb,"if, whether; now; surely not? [indicates a question thatexpects a “no” answer]"
"numen, -inis (n.)",noun,"nod; command, authority, divine will; divinity, deity"
"numero, -are, -avi, -atum",verb,"to count, reckon, number"
"numerus, -i (m.)",noun,number
numquam,adverb,"at no time, never"
nunc,adverb,"now, at present, at this time"
"nuntio, -are, -avi, -atum",verb,"to announce, report, give warning; convey, deliver"
"nuntius, -i (m.)",noun,"announcement, message; messenger"
"nympha, -ae (f.)",noun,"nymph (a demi-goddess who inhabits the sea, rivers,fountains, woods, trees, and mountains)"
o,interjection,O! oh!
ob,preposition,"(with acc.) on account of, for, because of, by reason of, forthe sake of"
"obscurus, -a, -um",adjective,"dark, dusky, shady, obscure"
"occido, -ere, -cidi, -casum",verb,"to fall down, fall"
"occupo, -are, -avi, -atum",verb,"to take into possession, seize, occupy, master, win"
"occurro (obc-), -ere, -curri(or -cucurri), -cursum",verb,"(with dat.) to run to meet; to oppose, resist; to come tomind, occur"
"oculus, -i (m.)",noun,eye
"odium, -i (n.)",noun,"hate, dislike, unpopularity"
olim,adverb,"formerly; once, once upon a time; in the future"
"omnis, -e",adjective,"all, every"
"operio, -ire, -ui, -ertum",verb,"to cover, cover over"
"oppidum, -i (n.)",noun,town
"ops, opis (f.)",noun,"power, might; aid, help; property, substance, wealth"
"opto, -are, -avi, -atum",verb,"to choose, select, prefer, wish, wish for, desire"
"opus, -eris (n.)",noun,"work, labor, toil; (with abl. or inf.) need (of)"
"ora, -ae (f.)",noun,"extremity, border, edge, end, boundary, limit, shore"
"oratio, -onis (f.)",noun,speech; eloquence; the power of speech
"orator, -oris (m.)",noun,"speaker, orator"
"orbis, -is (m.)",noun,"ring, circle, circular path, hoop, orbit"
"ordo, -inis (m.)",noun,"row, line, series, order, rank"
"oro, -are, -avi, -atum",verb,"to speak, argue, plead, pray, beg, implore, ask for"
"os, oris (n.)",noun,mouth; (in general) face
"ostendo, -ere, -di,ostentum",verb,"to stretch out, spread before, show, point out, exhibit,display"
"otium, -i (n.)",noun,"leisure; spare time; holiday; ease, rest, peace, quiet, calm"
paene,adverb,"nearly, almost; mostly"
"Pallas, -antis (m.)",noun (proper),"Pallas, son of Evander"
"palma, -ae (f.)",noun,"palm, flat hand; palm tree, palm"
"panis, -is (m.)",noun,bread
"par, paris",adjective,equal
"parco, -ere, peperci,parsum",verb,"(with dat.) to act sparingly, be sparing, spare, refrain from,use moderately"
"parens, -entis (m. or f.)",noun,"procreator, father, mother, parent"
pariter,adverb,"equally, in an equal degree, in like manner, as well, asmuch, alike"
"paro, -are, -avi, -atum",verb,"to prepare, make ready, furnish, provide; arrange, order,design"
"pars, partis (f.)",noun,"part, piece, portion, share, division, section"
parum,adverb,"too little, not enough, insufficiently"
"parvus, -a, -um",adjective,"little, small, petty, puny, inconsiderable"
"pater, -tris (m.)",noun,father
"patior, -i, passus sum",verb,"to bear, support, undergo, suffer, endure, allow"
"patria, -ae (f.)",noun,"fatherland, native land, own country, native place"
"patrona, -ae (f.)",noun,"protectress, patroness, female patron"
"patronus, -i (m.)",noun,"patron; advocate; defender, protector"
"paucus, -a, -um",adjective,"few, little"
"paulum, paulo",adverb,"to only a small extent, slightly, a little"
"pauper, -eris",adjective,"poor, meager, unproductive; cheap, of little worth"
"pax, pacis (f.)",noun,"compact, agreement, peace, treaty of peace"
"pectus, -oris (n.)",noun,"breast, chest"
"pecunia, -ae (f.)",noun,money; property
"pello, -ere, pepuli, pulsum",verb,"to beat; to push; to drive out, banish, strike, defeat, driveaway"
"pendeo, -ere, pependi",verb,"to hang, hang down, be suspended"
per,preposition,"(with acc.) through, across, along, among"
"perdo, -ere, -didi, -ditum",verb,"to destroy, make away with, ruin, squander, throw away,waste, lose"
"pereo, -ire, -ii (or -ivi),-itum",verb,"to pass away, come to nothing, vanish, disappear, perish,die"
"periculosus, -a, -um",adjective,dangerous; threatening
"periculum or periclum,-i (n.)",noun,"trial, experiment, attempt, test; risk, hazard, danger, peril"
"persuadeo, -ere, -suasi,-suasum",verb,"(with dat.) to persuade, convince"
"pervenio, -ire, -veni,-ventum",verb,"to come up, arrive, reach"
"pes, pedis (m.)",noun,foot
"peto, -ere, -ivi (or -ii), -itum",verb,"to strive for, seek, aim at, make for, travel to, ask for"
"pharetra, -ae (f.)",noun,quiver
"pictura, -ae (f.)",noun,painting; picture
"placeo, -ere, -cui, placitussum (or placitum)",verb,"(with dat.) to please, be pleasing, be agreeable, beacceptable, suit, satisfy"
"plaudo, -ere, plausi,plausum",verb,"to clap, strike; beat (wings); applaud; express (dis)approval"
"plenus, -a, -um",adjective,"full, filled"
"Plinius, -i (m.)",noun (proper),a Roman male name (nomen – name of a Roman gens)
"plus, pluris",adjective,more
"poculum, -i (n.)",noun,"cup, bowl, drinking vessel; drink; (pl.) social drinking"
"poena, -ae (f.)",noun,"compensation, retribution, punishment, penalty, price"
"poeta, -ae (m.)",noun,poet
"pompa, -ae (f.)",noun,procession; retinue; pomp
"pono, -ere, posui, positum",verb,"to put down, set down, put, place, set, fix, lay, deposit"
"pons, pontis (m.)",noun,bridge
"populus, -i (m.)",noun,"people, nation"
"Porcius, -i (m.)",noun (proper),a Roman male name (nomen – name of a Roman gens)
"porta, -ae (f.)",noun,"gate, entrance; city gates; door; avenue"
"porto, -are, -avi, -atum",verb,"to carry, bring"
"portus, -us (m.)",noun,"port, harbor; refuge, haven"
"posco, -ere, poposci",verb,"to ask urgently, beg, demand, request, desire"
"possum, posse, potui",verb,"to be able, have power, can"
post,"preposition/adverb","(with acc.) (of space) behind, after; (of time) behind,afterward, after, later"
postea,adverb,afterward
postquam or post quam,adverb,"after that, after, as soon as, when"
"potens, -entis",adjective,"powerful, strong; capable; mighty"
"potestas, -atis (f.)",noun,"power, rule, force; strength, ability"
"praemium, -i (n.)",noun,"prize, reward; gift; repayment"
"praesidium, -i (n.)",noun,protection; help; guard; garrison
"praesto, -are, -iti, -atum(or -itum)",verb,"to stand out, be superior, be better; exhibit, fulfill"
"precor, -ari, -atus",verb,"to ask, beg, entreat, pray, request, call upon"
"premo, -ere, -essi, -essum",verb,"to press, repress, oppress, restrain"
primum,adverb,"at first, first, in the first place, in the beginning"
"primus, -a, -um",adjective,"the first, first"
"princeps, -cipis",adjective,"first in order, foremost, chief"
"princeps, -cipis (m.)",noun,"first man, first person; chief, leader, ruler, emperor"
"prior, prius",adjective,"former, previous, prior, first"
prius,adverb,"sooner, first, previously"
priusquam or prius quam,adverb,"before that, before; sooner, rather"
pro,preposition,"(with abl.) before, in front of, for"
procul,adverb,"in the distance, at a distance, away, apart, far, far off"
"proelium, -i (n.)",noun,"battle, combat"
"proficiscor, -i, -fectus sum",verb,"to set out, start, go, march, depart"
prope,preposition,"(with acc.) near, near to"
"propero, -are, -avi, -atum",verb,"to make haste, hasten, be quick, be in haste, go quickly"
propius,adverb,"more nearly, more closely, nearer, closer"
propter,preposition,"(with acc.) near, close to; because of, on account of"
"prosum, prodesse, profui",verb,"(with dat.) to be useful, be of use, do good, benefit, profit,serve"
"provincia, -ae (f.)",noun,province; official duty
"proximus or proxumus,-a, -um",adjective,"nearest, next"
"prudens, -entis",adjective,"aware, skilled; sensible, prudent; experienced"
"prudentia, -ae (f.)",noun,"discretion; good sense, wisdom; prudence; foresight"
"puella, -ae (f.)",noun,"female child, girl, maiden"
"puer, -eri (m.)",noun,"male child, boy, lad, young man"
"pugna, -ae (f.)",noun,"fight, fight in close quarters, battle, combat, engagement"
"pugno, -are, -avi, -atum",verb,to fight; to dispute
"pulcher, -chra, -chrum",adjective,"beautiful, fair, handsome"
"pulso, -are, -avi, -atum",verb,"to beat, strike, hit"
"pumex, -icis (f.)",noun,pumice stone
"punio, -ire, -ivi, -itum",verb,"to punish, inflict punishment; avenge, extract retribution"
"puto, -are, -avi, -atum",verb,"to believe, think, suppose; clean, trim"
qua,adverb,"on which side, at which place, in what direction, where, bywhat way"
"quaero, -ere, quaesivi(or -ii), quaesitum",verb,"to seek, look for"
"qualis, -e",adjective,"of what sort, of what nature, what kind of a; of such a sort,kind, or nature, such as, as"
quam,adverb,"in what manner, how greatly, how, how much; as, than;after than, earlier than"
quamquam,conjunction,"though, although, albeit, notwithstanding that"
quamvis,"adverb/conjunction","as you will, as much as you will, however much, as muchas possible, very much, extremely"
quando,"adverb/conjunction","when, since, because"
"quantus, -a, -um",adjective,"of what size, how much, how great; as (correl. with tantus)"
quasi,adverb,"as if, just as if, as though"
quater,adverb,four times
-que,enclitic,"and (affixed to a word and joining it with a precedingword), both...and (-que...-que)"
"qui, quae, quod","pronoun/adjective","who, which, that"
quia,conjunction,"because, since"
"quicumque, quaecumque,quodcumque","pronoun/adjective","whoever, whatever, whatsoever, everyone who, everythingthat, all that"
"quidam, quaedam,quoddam (or quiddam)","pronoun/adjective","certain, certain one, somebody, one, something"
quidem,adverb,"assuredly, certainly, in fact, indeed"
"quiesco, -ere, quievi,quietum",verb,"to rest, repose, keep quiet, be inactive, be at peace"
quin,conjunction,"why not; but, indeed, really, in fact"
quippe,"adverb/conjunction","of course, as you see, obviously, as one might expect,naturally, by all means"
"quis, qua, quid","pronoun/adjective","anyone, anything, someone, something (often with si, ne,num, or nisi)"
"quis, quid","pronoun/adjective","who, what"
"quisquam, quaequam,quicquam (or quidquam)","pronoun/adjective","any, anyone"
"quisque, quaeque,quidque (or quodque orquicque)","pronoun/adjective","whoever it be, whatever, each, each one, every,everybody, everyone"
"quisquis, quaeque,quodquod (or quidquid orquicquid)","pronoun/adjective","whoever, whosoever, whatever, whatsoever, everyonewho, each, every, all"
quo,adverb,"to where, in where, where; for which reason, to what end,why, in order that, so that"
quod,conjunction,"that, in that, because, but, though"
quomodo,adverb,"how, in what way; just as"
quoque,conjunction,"also, too"
quot,adjective,"how many, as many as, as many...as (tot...quot)"
"quotus, -a, -um",adjective,"which (in number), what, of what number"
"rapio, -ere, -pui, -ptum",verb,"to seize and carry off, snatch, tear, drag, hurry away"
"ratio, -onis (f.)",noun,"reason, understanding; calculation, computation"
"recipio, -ere, -cepi,-ceptum",verb,"to take back, bring back, regain, recover; receive, accept"
"recito, -are, -avi, -atum",verb,"to read aloud, recite; name in writing"
"reddo, -ere, -didi, -ditum",verb,"to give back, return, restore; give up, hand over, deliver"
"redeo, -ire, -ii, -itum",verb,"to go back, turn back, return, turn around"
"refero, referre, rettuli,relatum",verb,"to bear back, bring back, drive back, carry back; reply"
"regina, -ae (f.)",noun,queen
"regnum, -i (n.)",noun,"kingdom, kingly government, royal authority, kingship,royalty"
"rego, -ere, rexi, rectum",verb,"to keep straight, guide, conduct, direct, control, rule"
"relinquo, -ere, -liqui, -lictum",verb,"to leave behind, give up, leave, abandon"
"reliquus, -a, -um",adjective,"rest of, remaining, available, left, surviving; future, further"
"requiro, -ere, -quisivi (or-quisii), -quisitum",verb,"to seek again, look after, search for, ask"
"res, rei (f.)",noun,"thing, matter, affair, business, event, fact, circumstance,occurrence, case, situation"
"resideo, -ere, -sedi",verb,"to sit back, remain sitting, remain behind, stay, remain,rest, reside"
"respicio, -ere, -spexi,-spectum",verb,"to look back, look about, see behind, gaze at, look for"
"respondeo, -ere, -spondi,-sponsum",verb,"to answer, reply, respond, make answer"
"rex, regis (m.)",noun,"ruler, king"
"rideo, -ere, risi, risum",verb,"to laugh, smile"
"rogo, -are, -avi, -atum",verb,"to ask, question, interrogate"
"Roma, Romae (f.)",noun (proper),(the city of) Rome
"Romanus, -a, -um",adjective,"of Rome, Roman"
"rumpo, -ere, rupi, ruptum",verb,"to break, burst, tear, rupture, burst in pieces, force open"
rursus or rursum,adjective/adverb,"turned back, back, backwards; back again, again, oncemore"
"rusticus, -a, -um",adjective,"country, rural; plain, simple, rustic; provincial, unrefined"
"sacer, -cra, -crum",adjective,"dedicated, consecrated, devoted, sacred"
"sacrificium, -i (n.)",noun,"sacrifice, offering to a deity"
"saeculum or saeclum, -i(n.)",noun,"generation, age, people of any time"
saepe,adverb,"often, oft, oftentimes, many times, frequently"
"saevus, -a, -um",adjective,"raging, mad, furious, fierce, savage, ferocious, cruel,violent, severe"
"salio, -ire, salui, saltum",verb,"to leap, jump; move suddenly"
"salus, -utis (f.)",noun,"soundness, health, good health, vigor, safety"
"saluto, -are, -avi, -atum",verb,to greet; wish well; visit
"sanguis (sanguen), -inis(m.)",noun,blood
"sanus, -a, -um",adjective,"sound, healthy; sensible; sober, sane"
"sapiens, -entis",adjective,"wise, knowing, sensible"
"sapientia, -ae (f.)",noun,"wisdom; judgment, understanding; reason, intelligence"
satis or sat,adjective/adverb,"enough, sufficient, satisfactory, ample, adequate"
"saxum, -i (n.)",noun,"large stone, broken rock, boulder, rock"
"scelestus, -a, -um",adjective,"infamous, wicked; accursed"
"scelus, -eris (n.)",noun,"wicked deed, heinous act, crime, sin, wickedness"
"schola, -ae (f.)",noun,"school; followers of a system, teacher, or subject"
"scientia, -ae (f.)",noun,"knowledge, science; skill"
"scio, -ire, -ivi, -itum",verb,"to know, understand, perceive, have knowledge of, beskilled in"
"scribo, -ere, scripsi,scriptum",verb,"to write, write out, compose, draw up, produce"
sed,conjunction,"but, on the contrary, but also, but even, but in fact"
"sedeo, -ere, sedi, sessum",verb,"to sit, remain, settle"
"sedes, -is (f.)",noun,"seat, bench, chair, throne; place, spot; (pl.) dwelling-place,palace"
"sella, -ae (f.)",noun,"seat, stool, chair; chair of an official"
semper,adverb,"ever, always, at all times, continually, perpetually, forever"
"senator, -oris (m.)",noun,senator
"senatus, -us (m.)",noun,"council of elders, council of state, Senate"
"senex, senis (m.)",noun,old man
"sententia, -ae (f.)",noun,"opinion, feeling, way of thinking; thought, meaning,sentence/period; purpose"
"sentio, -ire, sensi, sensum",verb,"to discern by sense, feel, hear, see, perceive, be sensibleof"
"sepulcrum, -i (n.)",noun,"grave, tomb"
"sequor, -i, secutus sum",verb,"to follow, come after, follow after, accompany"
"sermo, -onis (m.)",noun,"continued speech, talk, conversation, discourse"
"servo, -are, -avi, -atum",verb,"to make safe, save, preserve, guard, keep, protect, rescue"
"servus, -i (m.)",noun,enslaved man
"severus, -a, -um",adjective,"stern, strict, severe; weighty, serious; plain"
si,conjunction,if
sic,adverb,"so, thus, in this manner, in such a manner, in the same wayor manner, in like manner, likewise"
"sidus, -eris (n.)",noun,"group of stars, constellation, heavenly body, star"
"significo, -are, -avi, -atum",verb,"to signify, indicate, show"
"signum, -i (n.)",noun,"mark, token, sign, indication, proof; military standard,banner"
"silva, -ae (f.)",noun,"woods, forest, woodland"
"similis, -e",adjective,"like, resembling, similar"
simul,adverb,"at the same time, together, at once, simultaneously"
sine,preposition,(with abl.) without
"sinister, -tra, -trum",adjective,"(on the) left, improper, adverse; inauspicious"
"sinus, -us (m.)",noun,"bent surface, curve, fold, hollow, coil; lap; bay, gulf"
sive or seu,conjunction,or if
"socius, -a, -um",adjective,"sharing, joining in, united, associated, allied, fellow,common"
"sol, solis (m.)",noun,sun
"soleo, -ere, -ui, -itum",verb,"to be used, be wont, be accustomed"
"sollicitus, -a, -um",adjective,"concerned, worried; upset, troubled, disturbed, anxious,apprehensive"
"solus, -a, -um",adjective,"alone, only, single, sole"
"solvo, -ere, solvi, solutum",verb,"to loosen, unbind, unfasten, untie, release"
"somnium, -i (n.)",noun,"dream, vision; fantasy, daydream"
"somnus, -i (m.)",noun,sleep; (in plural) dream
"sono, -are, -ui, -itum",verb,"to make a noise, sound, resound"
"sonus, -i (m.)",noun,"noise, sound"
"sordidus, -a, -um",adjective,"dirty, unclean, foul, filthy; vulgar, low, paltry; vile"
"soror, -oris (f.)",noun,sister
"sors, sortis (f.)",noun,"lot, decision by lot, drawing; oracular response, prophecy"
"spatium, -i (n.)",noun,"space, room, extent, distance, interval"
"spectaculum, -i (n.)",noun,"show, spectacle; (pl.) spectators’ seats"
"spectator, -oris (m.)",noun,spectator
"specto, -are, -avi, -atum",verb,"to look on, look at, behold, gaze at, watch, observe,inspect, attend"
"spero, -are, -avi, -atum",verb,"to hope for; trust; look forward to, expect"
"spes, spei (f.)",noun,hope
"spiritus, -us (m.)",noun,"breathing, breath"
"spiro, -are, -avi, -atum",verb,"to breathe; blow, breathe out, exhale; live"
statim,adverb,"straightaway, at once, immediately, instantly"
"statua, -ae (f.)",noun,statue; image
"sterno, -ere, stravi,stratum",verb,"to spread out, stretch out, scatter; cover; overthrow, laylow, kill"
"stilus, -i (m.)",noun,"pen, stylus used for writing on wax tablets"
"sto, -are, steti, statum",verb,"to stand, stand still, remain standing, be upright, be erect"
"stola, -ae (f.)",noun,"a long upper garment worn by Roman women, dress"
"strideo, -ere, -di",verb,"to make a harsh noise, hiss, shriek"
"studeo, -ere, -ui",verb,"(with dat.) to desire, be eager for; apply oneself to; striveafter; to study"
"studium, -i (n.)",noun,"application, zeal, eagerness, inclination, desire, exertion,study"
"stultus, -a, -um",adjective,"foolish, stupid"
sub,preposition,"(with abl.) under, below, beneath, underneath, behind;(with acc.) under, below, beneath, up to, toward"
subito,adverb,"suddenly, immediately, unexpectedly, at once"
"subsisto, -ere, -stiti",verb,"to take a stand, take position, stand still, remain standing,stop, halt"
"—, sui, sibi, se, se",pronoun,"himself, herself, itself, themselves"
"sum, esse, fui",verb,to be
"summus, -a, -um",adjective,"uppermost, highest, topmost; chief, main"
"sumo, -ere, sumpsi,sumptum",verb,"to take, take up, take in hand, lay hold of, assume"
super,preposition,"(with acc. and abl.) above, on top, over"
"superbus, -a, -um",adjective,"haughty, proud, vain, arrogant, insolent, domineering"
"supero, -are, -avi, -atum",verb,"to overcome, conquer; survive; surpass, be above, havethe upper hand"
"superus, -a, -um",adjective,"that is above, upper, higher; (pl.) the gods"
supra,adverb,"above, beyond; over; more than; in charge of, in authorityover"
"surgo, -ere, surrexi,surrectum",verb,"to rise, arise, get up, stand up"
"suspendo, -ere, -di,suspensum",verb,"to hang up, hang, suspend"
"sustineo, -ere, -tinui,-tentum",verb,"to hold up, hold upright, uphold, bear up, keep up,support, sustain"
"suus, -a, -um",adjective,"of oneself, belonging to oneself, his own, her own, his, her,its, their"
"taberna, -ae (f.)",noun,"tavern, inn, small shop, booth, hut, cottage"
"tabula, -ae (f.)",noun,"writing tablet (wax covered board); (pl.) records;document, deed, will"
"taceo, -ere, -cui, -citum",verb,"to be silent, not speak, say nothing"
"tacitus, -a, -um",adjective,"silent, not spoken of, kept secret, secret, hidden"
"talis, -e",adjective,"such, of such a kind, such like, the like"
tam,adverb,"in such a degree, as much, so, so much"
tamen,adverb,"notwithstanding, nevertheless, for all that, however, yet,still"
tamquam or tanquam,adverb,"as much as, so as, just as, like as, as if, so to speak"
tandem,adverb,"at length, at last, in the end, finally"
"tango, -ere, tetigi, tactum",verb,"to touch, strike; border on; influence; mention"
tantum,adverb,"so much, so greatly; only, merely, but"
tantum modo,adverb,"only, merely"
"tantus, -a, -um",adjective,"of such size, of such ameasure, so great, such, as great(correl. with quantus)"
"tardus, -a, -um",adjective,slow; deliberate; late
"tectum, -i (n.)",noun,"building, shelter, house, dwelling, roof"
"tego, -ere, texi, tectum",verb,"to cover, cover over"
"tellus, -uris (f.)",noun,"the earth, earth, land, globe"
"telum, -i (n.)",noun,"missile, dart, spear, shaft, javelin"
"tempestas, -atis (f.)",noun,"storm; period of time, season, weather"
"templum, -i (n.)",noun,"temple, shrine, sanctuary"
"tempto (tento), -are, -avi,-atum",verb,"to handle, touch, feel; try, prove, test, attempt"
"tempus, -oris (n.)",noun,"portion of time, time, period, season, interval"
"tendo, -ere, tetendi,tentum",verb,"to stretch, spread out, extend, intend"
"tenebrae, -arum (f. pl.)",noun,"darkness, gloom"
"teneo, -ere, tenui, tentum",verb,"to hold, keep, have, grasp, hold fast"
"tener, -era, -erum",adjective,"soft, delicate, tender, yielding"
"tergum, -i (n.)",noun,"back; hide, skin"
"terra, -ae (f.)",noun,"the earth, earth, land"
"terreo, -ere, -ui, -itum",verb,to frighten; deter
"terribilis, -e",adjective,"frightful, terrible"
"Teucri, -orum (m. pl.)",noun (proper),"the Teucrians, Trojans"
"theatrum, -i (n.)",noun,theater
"timeo, -ere, -ui",verb,"to fear, be afraid, be fearful, apprehensive, dread"
"timidus, -a, -um",adjective,"timid, cowardly, fearful, apprehensive"
"timor, -oris (m.)",noun,"fear, dread, apprehension, alarm, anxiety"
"toga, -ae (f.)",noun,toga
"tollo, -ere, sustuli,sublatum",verb,"to lift, take up, raise, elevate, exalt"
"torqueo, -ere, torsi, tortum",verb,"to turn, turn about, turn away, twist, bend, wind"
tot,pronoun,"so many, such a number of, as many...as (tot...quot)"
"totus, -a, -um",adjective,"all, all the, all at once, whole, entire, total"
"trado, -ere, -didi, -ditum",verb,"to give up, hand over, deliver, surrender"
"traho, -ere, traxi, tractum",verb,"to draw, drag, haul, draw off, pull forth, drag away"
"Traianus, -i (m.)",noun (proper),"Trajan, a Roman emperor"
trans,preposition,"(with acc.) across, over; beyond; on the other side"
"transeo, -ire, -ii, -itum",verb,"to go over, go across, cross over, pass over, pass by, pass"
"tremor, -oris (m.)",noun,"shaking, quaking, quivering, trembling, tremor"
"tristis, -e",adjective,"sad, mournful, dejected, gloomy, downcast"
"Troia, -ae (f.)",noun (proper),"Troy, a city of Asia Minor"
"Troianus, -a, -um",adjective,"of Troy, Trojan"
"tu, tui, tibi, te, te",pronoun,you (singular)
tum,adverb,"then, at that time, in those times"
"tumultus, -i (m.)",noun,"(a) commotion, confusion, uproar; rebellion, uprising,disturbance"
tunc,adverb,"then, at that time, just then, on that occasion"
"turba, -ae (f.)",noun,"turmoil, riot, disturbance; crowd, multitude"
"Turnus, -i (m.)",noun (proper),"Turnus, prince of the Rutuli and enemy of Aeneas"
"turpis, -e",adjective,"ugly, unsightly, unseemly, repulsive, foul, filthy; shameful,disgraceful"
"tutus, -a, -um",adjective,"guarded, safe, secure, out of danger"
"tuus, -a, -um",adjective,"your, yours, of you (singular)"
ubi,adverb,"in which place, in what place, where; when, whenever, assoon as, as"
ubique,adverb,"anywhere, everywhere"
"ullus, -a, -um",adjective,"any, any one"
"ultimus, -a, -um",adjective,"farthest, most distant, most remote, uttermost, extreme,last"
"umbra, -ae (f.)",noun,"shade, ghost, shadow"
"umerus (humerus), -i (m.)",noun,"upper arm, shoulder"
umquam,adverb,"at any time, ever"
"unda, -ae (f.)",noun,"wave, billow"
unde,adverb,"from which place, from where, whence"
"unus, -a, -um",adjective,"one, single; alone, only, sole; a, an"
"urbs, urbis (f.)",noun,"walled town, city, city of Rome"
"usus, -us (m.)",noun,"use, practice, employment, exercise, enjoyment"
ut or uti,"adverb/conjunction","how, in what way; as, like; when; that, so that"
"uterque, utraque,utrumque","pronoun/adjective","each, either, each one, one and the other, one as well asthe other, both (of two regarded severally)"
"utor, uti, usus sum",verb,"(with abl.) to use, make use of, employ, profit by, takeadvantage of, enjoy, serve oneself with"
"uxor, -is (f.)",noun,wife
"vacuus, -a, -um",adjective,"empty, unoccupied; devoid of, free of"
"valeo, -ere, -ui, -itum",verb,"to be strong, be vigorous, have strength, be able"
"varius, -a, -um",adjective,"diverse, different, changing, varying, various"
-ve,enclitic,"or, or if you will, or as you please"
"vehemens, -entis",adjective,"violent, severe; emphatic, vigorous, lively"
vel,conjunction,or; either...or (vel...vel)
velut or veluti,adverb,"even as, just as, like as, like"
"vendo, -ere, -didi, -ditum",verb,to sell
"venio, -ire, veni, ventum",verb,to come
"ventus, -i (m.)",noun,wind
"verbum, -i (n.)",noun,word
vero,adverb,"in truth, in fact, certainly, truly, to be sure, surely, assuredly"
"vertex (vortex), -icis (f.)",noun,"whirl, whirlpool, vortex; highest point, top, peak, summit"
"verto (vorto), -ere, -i,versum",verb,"to turn, turn up, turn back, direct"
"verus, -a, -um",adjective,"true, real, actual, genuine"
"vester, -tra, -trum",adjective,"your, yours, of you (pl.)"
"vestigium, -i (n.)",noun,"footstep, step, footprint; trace, mark, track, vestige"
"vestis, -is (f.)",noun,"clothes, clothing, attire"
"vetus, -eris",adjective,"old, aged, advanced in years"
"vexo, -are, -avi, -atum",verb,"to shake, jolt, toss violently; to annoy, trouble, disturb, vex"
"via, -ae (f.)",noun,"way, highway, road, path, street"
"victor, -oris (m.)",noun,"conqueror, vanquisher, victor"
"victoria, -ae (f.)",noun,victory
"video, -ere, vidi, visum",verb,"to see, discern, perceive; (in passive) to seem"
"villa, -ae (f.)",noun,"farm, country home, estate; large country residence"
"vinco, -ere, vici, victum",verb,"to conquer, defeat, be victorious, win, succeed"
"vinculum or vinclum, -i (n.)",noun,"bond, fastening, band, rope, chain, cord, tie"
"vinum, -i (n.)",noun,wine
"vir, viri (m.)",noun,"male person, adult male, man"
"virgo, -inis (f.)",noun,"maid, maiden, virgin, young woman, girl"
"virtus, -utis (f.)",noun,"manliness, manhood, strength, vigor, bravery, courage,excellence"
"vis, vis (f.)",noun,"strength, force, vigor, power, energy, virtue"
"visito, -are, -avi, -atum",verb,"to visit, go to see; look at"
"vita, -ae (f.)",noun,life
"vitium, -i (n.)",noun,"fault, defect, blemish, imperfection, vice"
"vitupero, -are, -avi, -atum",verb,"to find fault with, blame, reproach, disparage, scold,censure"
"vivo, -ere, vixi, victum",verb,"to live, be alive, have life"
"vivus, -a, -um",adjective,"alive, fresh; living"
vix,adverb,"with difficulty, with much ado, hardly, scarcely, barely"
"voco, -are, -avi, -atum",verb,"to call, summon, invoke, call together, convoke"
"volo, -are, -avi, -atum",verb,to fly
"volo, velle, volui",verb,"to will, wish, want, purpose, be minded, determine"
"voluptas, -atis (f.)",noun,"satisfaction, enjoyment, pleasure, delight"
"volvo, -ere, volvi, volutum",verb,"to cause to revolve, roll, turn about, turn round"
"vos, vestrum/vestri, vobis,vos, vobis",pronoun,you (pl.)
"votum, -i (n.)",noun,"promise to a god, solemn pledge, vow"
"vox, vocis (f.)",noun,"voice, sound, tone, utterance, cry, call"
"vulnero (volnero), -are,-avi, -atum",verb,"to wound, harm, pain, distress; damage"
"vulnus (volnus), -eris (n.)",noun,wound
"vultus (voltus), -us (m.)",noun,"countenance, features, expression, aspect; face"
