Vocabulary	Definition
a, ab, abs	(prep.) (with abl.) from, away from, out of, by
abeo, -ire, -ii, -itum	(v.) to go from, go away, go off, go forth, go, depart
absum, abesse, afui	(v.) to be away from, be absent
accedo (adc-), -ere, -cessi, -cessum	(v.) to go to, come to, come near, draw near, approach, enter
accendo (adc-), -ere, -cendi, -censum	(v.) to kindle, set on fire, inflame
accido, -ere, -cidi	(v.) to fall upon, fall to, reach by falling, happen
accipio (adc-), -ere, -cepi, -ceptum	(v.) to take without effort, receive, get, accept, hear
accuso, -are, -avi, -atum	(v.) to accuse, blame, find fault; reprimand; charge (w/ a crime)
acer, acris, acre	(adj.) sharp, bitter, pointed, piercing, shrill; keen; severe
acies, -ei (f.)	(n.) sharp edge, point; front of an army, battle line; army
ad	(prep.) (with acc.) to, toward
addo, -ere, -didi, -ditum	(v.) to put to, place upon, lay on, join, attach
adeo, -ire, -ii, -itum	(v.) to go to, come to, come up to, approach, draw near
adhuc	(adv.) until now, heretofore, as yet, still, to this point, to this place
adsum (assum), adesse, adfui	(v.) to be at, be present, be at hand
adsurgo (ass-), -ere, -surrexi, -surrectum	(v.) to rise up, rise, stand up
adversus, -a, -um	(adj.) turned to, turned against, opposite, before, in front of; unfavorable
adversus, adversum	(prep./adv.) (with acc.) opposite to, against; toward, against, before
aedificium, -i (n.)	(n.) building; structure
aedifico, -are, -avi, -atum	(v.) to build, construct, make; create; establish; improve
aeger, -gra, -grum	(adj.) sick, ill, injured; painful; corrupt; sad, sorrowful
Aeneas, -ae (m.)	(proper n.) Aeneas, leader of the Trojans
aequo, -are, -avi, -atum	(v.) to make equal, equalize
aequor, -oris (n.)	(n.) even surface, level; sea, ocean
aequus, -a, -um	(adj.) level, even, equal, like; just, kind, impartial, fair; patient
aestas, -atis (f.)	(n.) summer; summer heat/weather; a year
aetas, -atis (f.)	(n.) life of a man, age, lifetime, years
aether, -eris (acc. aethera) (m.)	(n.) upper air, sky
affirmo (adf-), -are, -avi, -atum	(v.) to strengthen; confirm, encourage; declare
ager, agri (m.)	(n.) (productive) land, a field, farm, estate, pasture
agmen, -inis (n.)	(n.) multitude, troop, crowd; battle line, army
ago, -ere, egi, actum	(v.) to put in motion, do, act, move, lead, drive
agricola, -ae (m.)	(n.) farmer, countryman, peasant
aio (defective verb, ais, ait, aiunt)	(v.) to assert, affirm, say, tell, relate
albus, -a, -um	(adj.) white, pale, fair, gray; bright, clear; favorable, auspicious
Alexandrinus, -a, -um	(adj.) Alexandrian, pertaining to Alexandria (a city in Egypt)
alienus, -a, -um	(adj.) of another, belonging to another, not one’s own, foreign, alien, strange
aliqui (aliquis), aliqua, aliquod	(adj.) some, any
aliquis, aliquid	(pron./adj.) someone, anyone, anybody, one or another; neut., something, anything
alius, -a, -ud	(adj.) another, other, different; one...the other (alius...alius), some...others (alii...alii)
alter, -tera, -terum	(adj.) one, another, the one, the other (of two)
altum, -i (n.)	(n.) height; high sky; deep sea
altus, -a, -um	(adj.) high, lofty, elevated, great; deep, profound
ambulo, -are, -avi, -atum	(v.) to walk, take a walk; travel, march
amicitia, -ae (f.)	(n.) friendship; alliance, association; friendly relations
amicus, -a, -um	(adj.) loving, friendly, kind, favorable
amicus, -i (m.)	(n.) loved one, loving one, friend
amitto, -ere, -isi, -issum	(v.) to send away, dismiss, part with, let go, lose
amnis, -is (m.)	(n.) river
amo, -are, -avi, -atum	(v.) to love
amor, -oris (m.)	(n.) love, affection, strong friendly feeling
amplector, -i, amplexus sum	(v.) to twine around, encircle, encompass, embrace
an	(conj.) or, or whether
ancilla, -ae (f.)	(n.) enslaved woman
angustus, -a, -um	(adj.) narrow, steep, close, confined; scanty, poor; narrowminded, petty
anima, -ae (f.)	(n.) air, a current of air, breeze, wind; breath, life, soul
animal, -is (n.)	(n.) animal, living thing
animus, -i (m.)	(n.) soul, intelligence, reason, intellect, mind; courage
annus, -i (m.)	(n.) year
ante	(prep./adv.) (with acc.) (of space) before, in front, forwards; (of time) before, previously
antea	(adv.) before, before this; formerly, previously, in the past
antiquus, -a, -um	(adj.) ancient, former, old, of old times
anxius, -a, -um	(adj.) anxious, uneasy, disturbed; concerned; careful
aperio, -ire, -ui, -tum	(v.) to uncover, open, disclose; explain, recount; reveal; establish
appareo (adp-), -ere, -ui, -itum	(v.) to appear, come in sight, make an appearance
appello (adp-), -are, -avi, -atum	(v.) to call, address, name; request, implore, demand
Appia, -ae (f.)	(proper n.) a Roman female name (nomen – name of a Roman gens)
appropinquo (adp-), -are, -avi, -atum	(v.) (with dat. or ad + acc.) to approach; come near to, draw near (space/time)
apud	(prep.) (with acc.) with, among, at, by, near, at the house of
aqua, -ae (f.)	(n.) water
ara, -ae (f.)	(n.) structure for sacrifice, altar
arbor (arbos), -oris (f.)	(n.) tree
architectus, -i (m.)	(n.) architect; inventor, designer
arcus, -us (m.)	(n.) bow, arc, arch; rainbow; anything arched or curved
ardens, -entis	(adj.) glowing, fiery, hot, ablaze, burning, eager
ardeo, -ere, arsi, arsum	(v.) to be on fire, burn, blaze, be burned, glow
area, -ae (f.)	(n.) ground, dry land, open space
arena (harena), -ae (f.)	(n.) sand, grains of sand; sandy land or desert; seashore; arena
arma, -orum (n. pl.)	(n.) implements, outfit, instruments, tools; implements of war, arms, weapons
ars, artis (f.)	(n.) practical skill, art
arvum, -i (n.)	(n.) field, cultivated land, plowed land
arx, arcis (f.)	(n.) castle, citadel, fortress, stronghold
ascendo (ads-), -ere, -cendi, -censum	(v.) to climb, go/climb up; mount, scale; embark; rise, ascend, move upward
aspicio (ads-), -ere, -exi, -ectum	(v.) to look at, look upon, behold, look
at, ast	(conj.) but (introducing a contrast to what precedes)
ater, atra, atrum	(adj.) black, coal-black, gloomy, dark
Athenae, -arum (f. pl.)	(proper n.) Athens (city in Greece)
athleta, -ae (m.)	(n.) wrestler, boxer, athlete, one who is in public games; expert
atque, ac	(conj.) and; than (correl. with alius); as (correl. with idem)
atrium, -i (n.)	(n.) atrium, reception hall in a Roman house
attonitus, -a, -um	(adj.) astonished, fascinated; stupefied, dazed; inspired
audacia, -ae (f.)	(n.) boldness, courage, confidence; recklessness
audax, -acis	(adj.) bold; courageous; reckless, rash; presumptuous
audeo, -ere, ausus sum	(v.) to venture, dare, be bold, dare to do, risk
audio, -ire, -ivi (or -ii), -itum	(v.) to hear, listen (to)
aura, -ae (f.)	(n.) air (in motion), a breeze, breath of air, wind, blast
Aurelius, -i (m.)	(proper n.) a Roman male name (nomen – name of a Roman gens)
aureus, -a, -um	(adj.) of gold, golden; gilded; gleaming like gold; splendid
auris, -is (f.)	(n.) ear
aurum, -i (n.)	(n.) gold
aut	(conj.) or (introducing an antithesis to what precedes); either...or (aut...aut)
autem	(conj.) but, on the other hand, on the contrary, however
auxilium, -i (n.)	(n.) help, assistance; remedy; supporting resource, force; (pl.) auxiliary troops
avunculus, -i (m.)	(n.) maternal uncle, mother’s brother
beatus, -a, -um	(adj.) happy, prosperous, blessed, fortunate
bellum, -i (n.)	(n.) war
bene	(adv.) well
beneficium, -i (n.)	(n.) favor, benefit, service, kindness
benignus, -a, -um	(adj.) kind, favorable; kindly, mild, affable
bibo, -ere, bibi	(v.) to drink
bonus, -a, -um	(adj.) good
brevis, -e	(adj.) short, small, shallow, brief
cado, -ere, cecidi, casum	(v.) to fall, fall down, descend, die
caedes, -is (f.)	(n.) cutting-down, killing, slaughter, carnage, massacre
Caelius, -i (m.)	(proper n.) a Roman male name (nomen – name of a Roman gens)
caelum, -i (n.)	(n.) sky, heaven, heavens, vault of heaven
caligo, -inis (f.)	(n.) thick air, mist, vapor, fog
Camilla, -ae (f.)	(proper n.) Camilla, warrior and leader of the Volsci
campus, -i (m.)	(n.) plain, field, open country, level place
candidus, -a, -um	(adj.) bright, clear, transparent; clean, spotless; innocent, pure, unaffected, honest; white, pale
canis, -is (m. or f.)	(n.) dog
cano, -ere, cecini, cantum	(v.) to make music; sing (of), sound; prophesize
capillus, -i (m.)	(n.) hair of the head, hair
capio, -ere, cepi, captum	(v.) to take in hand, take hold of, lay hold of, take, seize, grasp
caput, -itis (n.)	(n.) head
carmen, -inis (n.)	(n.) song, poem, verse, prophecy, note, sound (vocal or instrumental)
Carthago (Karthago), -inis (f.)	(proper n.) Carthage, a city in north Africa
carus, -a, -um	(adj.) dear, precious, valued, esteemed, beloved
castra, -orum (n. pl.)	(n.) military camp, encampment, fort
castrum, -i (n.)	(n.) fortified place, fort, fortress
casus, -us (m.)	(n.) falling, falling down, fall; misfortune, mishap, calamity
catena, -ae (f.)	(n.) chain, shackle
caterva, -ae (f.)	(n.) crowd, troop, throng, band, mob
causa, -ae (f.)	(n.) cause, reason, motive, occasion, opportunity; (in the ablative) for the sake of
caveo, -ere, cavi, cautum	(v.) to beware, avoid, be on guard; guarantee; take care of, decree
cedo, -ere, cessi, cessum	(v.) to go from, give place, withdraw, go away, depart, yield, move
celebro, -are, -avi, -atum	(v.) to celebrate, perform; frequent; honor; publicize; discuss
celer, -eris, -ere	(adj.) swift, fleet, quick, speedy
celeritas, -atis (f.)	(n.) speed, quickness; speed of action; haste
celo, -are, -avi, -atum	(v.) to hide something from one, keep secret, conceal
cena, -ae (f.)	(n.) dinner, principal Roman meal (evening); course, meal
ceno, -are, -avi, -atum	(v.) to dine (on), eat, have dinner with
certamen, certaminis (n.)	(n.) contest, competition; battle, combat, struggle; rivalry, dispute
certus, -a, -um	(adj.) determined, resolved, fixed, settled, purposed, certain
ceterus, -a, -um	(adj.) the other, remainder, rest
cibus, -i (m.)	(n.) food; eating, a meal
cingo, -ere, -xi, -nctum	(v.) to go around, surround, encompass, gird, wreathe, crown
cinis, -eris (m.)	(n.) ashes
circum	(prep.) (with acc.) around, about, all around
civis, -is (m. or f.)	(n.) citizen
civitas, -atis (f.)	(n.) city, state; citizenship
clam	(adv.) secretly; without knowledge of, unknown to
clamo, -are, -avi, -atum	(v.) to call, cry out, shout aloud; complain loudly
clamor, -is (m.)	(n.) shout, cry; loud shouting; applause; a loud noise, roar; a battle-cry
clarus, -a, -um	(adj.) clear, bright, shining, brilliant
classis, -is (f.)	(n.) class, great division; (fig.) army, a fleet
Claudia, -ae (f.)	(proper n.) a Roman female name (nomen – name of a Roman gens)
claudo, -ere, -si, -sum	(v.) to shut, close, shut up
cliens, -entis	(n.) client, dependent (of a patron); client state or its citizens, allies
clipeus, -i (m.)	(n.) round shield of metal
coepio, -ere, coepi, coeptum	(v.) to begin, commence
cognosco, -ere, cognovi, cognitum	(v.) to become acquainted with, acquire knowledge of, learn, understand, recognize
cogo, -ere, coegi, coactum	(v.) to drive together, bring together, convene, compel, force
colo, -ere, colui, cultum	(v.) to till, tend, care for, cultivate
coma, -ae (f.)	(n.) hair of the head, hair
comes, -itis (m.)	(n.) companion, associate, comrade, partner
committo, -ere, -misi, -missum	(v.) to bring together, join, combine, put together, connect, unite
commodus, -a, -um	(adj.) suitable, convenient; timely; favorable, lucky; desirable, agreeable
commoveo, -ere, -movi, -motum	(v.) to shake, stir up; start, provoke; displace, trouble, upset; jolt awake
comparo, -are, -avi, -atum	(v.) to place together, join; compare, consider; prepare, acquire; arrange, establish
compono, -ere, -posui, -positum	(v.) to bring together, place together, join, connect
condo, -ere, -didi, -ditum	(v.) to put together, found, establish, build, settle
coniunx, -iugis (m. or f.)	(n.) married person, spouse, husband, wife
consido, -ere, -sedi, -sessum	(v.) to sit down, be seated; sit ( judge); sink, stop, settle; take up a position
consilium, -i (n.)	(n.) council, body of counsellors; a plan, purpose, intention
conspicio, -ere, -spexi, -spectum	(v.) to look at (closely), contemplate, perceive, observe
constituo, -ere, -ui, -utum	(v.) to set up; place, locate; stop; decide, appoint; station (troops); establish, create; arrange
consul, -is (m.)	(n.) consul
consulo, -ere, -ui, -tum	(v.) to meet and consider, reflect, consult, look out, be mindful
consumo, -ere, -sumpsi, -sumptum	(v.) to burn up, destroy; reduce, wear away; extinguish, exhaust; devour, consume; spend, squander
contendo, -ere, -tendi, -tentum	(v.) to stretch, draw tight; to draw, bend; to tune; to stretch out for, rush to, travel; be in a hurry; direct
contingo, -ere, -tigi, -tactum	(v.) to touch, reach, take hold of, seize
contra	(adj./adv.) in opposition, opposite, face to face; in turn, in return, back, on the other hand, likewise (with acc.)
conubium, -i (n.)	(n.) marriage
copia, -ae (f.)	(n.) abundance, ample supply, plenty; (in plural) troops, forces
coquo, -ere, coxi, coctum	(v.) to cook; burn, parch; consider, plan
Cornelia, -ae (f.)	(proper n.) a Roman female name (nomen – name of a Roman gens)
cornu, -us (n.)	(n.) horn; hoof; beak, claw; bow; horn, trumpet; end, wing of an army
corpus, -oris (n.)	(n.) body (living or lifeless)
corripio, -ere, -ripui, -reptum	(v.) to seize, snatch up, grasp, collect, take hold of, arrest
cotidie	(adv.) daily, every day; day by day; usually, ordinarily, commonly
cras	(adv.) tomorrow; after today; hereafter, in the future
credo, -ere, -didi, -ditum	(v.) (with dat.) to believe, trust; to confide in, have confidence in
cresco, -ere, crevi, cretum	(v.) to come into being, spring up, arise, be born, grow
crimen, -inis (n.)	(n.) judgment, charge, crime, accusation, reproach
crudelis, -e	(adj.) rude, unfeeling, hard, hard-hearted, cruel, severe, fierce
cubiculum, -i (n.)	(n.) bedroom, room
culina, -ae (f.)	(n.) kitchen
cum	(conj.) when, while, since, although
cum	(prep.) (with abl.) with, together, along with
cunctor, -ari, -atus sum	(v.) to delay, linger, loiter; hesitate, doubt
cunctus, -a, -um	(adj.) all together, whole, all, entire
cupiditas, -atis (f.)	(n.) desire, lust, greed, enthusiasm, eagerness, passion
cupio, -ere, -ivi, -itum	(v.) to long for, desire, wish
cur	(adv.) why? wherefore? for what reason?
cura, -ae (f.)	(n.) trouble, care, concern, attention, pains, industry, diligence, exertion
curo, -are, -avi, -atum	(v.) to care, provide for; be attentive to; take charge of; heal, cure
curro, -ere, cucurri, cursum	(v.) to run, move quickly, travel quickly
currus, -us (m.)	(n.) chariot, car, wagon
cursus, -us (m.)	(n.) running, course, way, march, passage, voyage, journey
custodio, -ire, -ivi, -itum	(v.) to guard, watch over, keep safe; to take heed, care, observe
custos, -odis (m.)	(n.) guard, sentry, protector; doorkeeper, watchman
Danai, -orum (pl.)	(proper n.) the Danaans, the Greeks
de	(prep.) (with abl.) from, away from, down from, out of, about
dea, -ae (f.)	(n.) goddess
debeo, -ere, -ui, -itum	(v.) to owe, be in debt; ought, must, should
Decius, -i (m.)	(proper n.) a Roman male name (nomen – name of a Roman gens)
defendo, -ere, -i, defensum	(v.) to defend, guard, protect, look after; repel, ward off, prevent; support, preserve
defessus, -a, -um	(adj.) worn out, weary, tired; weakened
deinde or dein	(adv.) then, next, thereafter, afterward
delecto, -are, -avi, -atum	(v.) to delight, please, amuse, fascinate; charm, lure, entice; enjoy
deleo, -ere, -evi, -etum	(v.) to erase, remove, delete; abolish
demonstro, -are, -avi, -atum	(v.) to point out/at/to, draw attention to; to explain, describe; reveal, mention, refer to; prove, demonstrate
denique	(adv.) finally, in the end; and then
densus, -a, -um	(adj.) thick, close, compact, dense, crowded
descendo, -ere, -i, descensum	(v.) to descend, go down; to dismount; to penetrate, sink
desero, -ere, -ui, -tum	(v.) to leave, forsake, abandon, desert, give up
desum, -esse, -fui	(v.) to be away, be absent, fail, be wanting, be missing
detineo, -ere, -ui, -tentum	(v.) to hold off, keep back, detain, check
deus, -i (m.)	(n.) god, deity
devoro, -are, -avi, -atum	(v.) to devour, swallow up, overwhelm, destroy; to use up, consume
dexter, -tera, -terum, (or -tra, -trum)	(adj.) to the right, on the right side, right
dextra (dextera), -ae (f.)	(n.) right hand
Diana, -ae (f.)	(proper n.) Diana, the goddess of the moon, daughter of Jupiter and Latona and twin sister of Apollo
dico, -ere, dixi, dictum	(v.) to say, speak, utter, tell, mention, relate, affirm, declare, state, assert
Dido, -onis (f.)	(proper n.) Dido, queen of Carthage
dies, -ei (m. or f.)	(n.) day, daylight
difficilis, -e	(adj.) difficult, troublesome; hard to please or deal with
digitus, -i (m.)	(n.) finger; toe; finger’s breadth
dignus, -a, -um	(adj.) worthy, deserving, deserved, suitable, fitting, proper
diligens, -entis	(adj.) careful; diligent; accurate; industrious
diligentia, -ae (f.)	(n.) diligence, care, attentiveness; frugality; efficiency
discedo, -ere, -cessi, -cessum	(v.) to go off, depart, withdraw; scatter; abandon
discipulus, -i (m.)	(n.) student, follower
disco, -ere, didici	(v.) to learn, learn to know, acquire, become acquainted with
dissimilis, -e	(adj.) unlike, different, dissimilar
diu	(adv.) a long time, long while, long, for a long time
diva, -ae (f.)	(n.) goddess
dives, -itis	(adj.) rich; costly; productive (land); talented
divus, -i (m.)	(n.) god, a deity
do, dare, dedi, datum	(v.) to give, hand over, deliver, give up, pay, surrender, grant
doceo, -ere, -ui, -ctum	(v.) to teach, instruct, inform, show, prove, convince, tell
doleo, -ere, -ui, -itum	(v.) to hurt, feel pain; grieve; be pained, sorry; cause pain (to)
dolor, -oris (m.)	(n.) pain, ache, suffering, anguish
domina, -ae (f.)	(n.) mistress, lady, she who rules; a female slave-owner
dominus, -i (m.)	(n.) master, possessor, ruler, lord, owner; a male slave-owner
domus, -us or -i (f.)	(n.) house, home, dwelling-house, building, mansion, palace
donum, -i (n.)	(n.) gift, present
dormio, -ire, -ivi, -itum	(v.) to sleep, rest; do nothing
dubius, -a, -um	(adj.) moving two ways, doubting, doubtful, dubious, uncertain
duco, -ere, -xi, -ctum	(v.) to lead, conduct, guide, direct, draw, bring, fetch, escort
dulcis, -e	(adj.) sweet
dum	(conj.) while, a while, now, yet; so long as, provided that, if only; until, until that
duo, -ae, -o	(adj.) two
durus, -a, -um	(adj.) hard (to the touch); harsh, rough, stern, unyielding, unfeeling
dux, ducis (m.)	(n.) leader, conductor, guide
ecce	(interj.) lo! see! behold! there! look!
effundo, -ere, -fudi, -fusum	(v.) to pour out, pour forth, shed, spread abroad
ego, mei, mihi, me, me	(pron.) I, me
egredior, -gredi, -gressus sum	(v.) to go out, come forth, march out, go away
emo, -ere, emi, emptum	(v.) to buy; gain, acquire
enim	(conj.) for, for instance, namely, that is to say, I mean, in fact
eo	(adv.) there, in that place; to there; therefore, for that reason
eo, ire, ivi or ii, itum	(v.) to go, walk, ride, sail, fly, move, pass
epistula, -ae (f.)	(n.) written communication, letter
eques, -itis (m.)	(n.) horseman, rider; cavalryman, horse-soldier, trooper; member of the Equestrian social class
equidem	(adv.) truly, indeed, certainly, by all means, of course, to be sure
equus, -i (m.)	(n.) horse
ergo	(conj.) consequently; therefore, then, so then; because of (with gen.)
eripio, -ere, -ipui, -eptum	(v.) to tear out, snatch away, pluck, tear, take away
erro, -are, -avi, -atum	(v.) to wander, stray, roam; be in error, err, mistake, go wrong, go astray
et	(conj.) and; also, too, besides, likewise, as well, even; both...and (et...et)
etiam	(conj.) now too, yet, as yet, even yet, still, even now
ex, e	(prep.) (with abl.) out of, from
excipio, -ere, -cepi, -ceptum	(v.) to take out, withdraw; except, make an exception, stipulate, reserve
excito, -are, -avi, -atum	(v.) to call out, summon forth, bring out, wake, rouse
exemplum, -i (n.)	(n.) example, sample; instance; precedent, case; warning, deterrent
exerceo, -ere, -ui, -itum	(v.) to exercise, practice; enforce, administer; cultivate
exercitus, -us (m.)	(n.) disciplined body of men, army
exigo, -ere, -egi, -actum	(v.) to drive out, push forth, thrust out, take out, expel; spend (time); demand; inquire; complete, spend
exitus, -us (m.)	(n.) going out, exit, departure; end, conclusion, death
explico, -are, -avi, atum (or -ui, -itum)	(v.) to unfold, extend; to set forth, explain
exspecto or expecto, -are, -avi, -atum	(v.) to look out for, await, wait for
exstinguo or extinguo, -ere, -nxi, -nctum	(v.) to put out, quench, extinguish, destroy
extra	(adv.) outside of, beyond, without, beside; except
extremus, -a, -um	(adj.) outermost, utmost, extreme, farthest, last
fabula, -ae (f.)	(n.) story, fable; play
facies, -ei (f.)	(n.) appearance, form, figure, shape, build
facilis, -e	(adj.) easy to do, easy, without difficulty
facio, -ere, feci, factum	(v.) to make, build, produce, compose; do, perform, make
fama, -ae (f.)	(n.) report, rumor, saying, talk, tradition, reputation
familia, -ae (f.)	(n.) household
fatalis, -e	(adj.) of fate, ordained by destiny, decreed, destined, fated, fatal
fatum, -i (n.)	(n.) utterance, prophecy, oracle; destiny, fate
faveo, -ere, favi, fautum	(v.) (with dat.) to favor, befriend, support
felix, -icis	(adj.) fruitful, productive; bringing good-luck, favorable, fortunate, prosperous; lucky, happy, fortunate
femina, -ae (f.)	(n.) female, woman
fero, ferre, tuli, latum	(v.) to bear, carry, support, lift, hold, take up; report
ferox, -ocis	(adj.) wild, bold; warlike; cruel; defiant, arrogant
ferrum, -i (n.)	(n.) iron
ferus, -a, -um	(adj.) wild, untamed, uncultivated
festino, -are, -avi, -atum	(v.) to hurry
fides, -ei (f.)	(n.) trust, faith, confidence, reliance, credence, belief
figura, -ae (f.)	(n.) form, shape, figure
filia, -ae (f.)	(n.) daughter
filius, -i (m.)	(n.) son
fingo, -ere, finxi, fictum	(v.) to touch, form, shape, fashion, make
finis, -is (m. or f.)	(n.) that which divides, boundary, limit, border, end
fio, fieri, factus sum	(v.) to happen, be done; become
flamma, -ae (f.)	(n.) blazing fire, blaze, flame
flecto, -ere, flexi, flexum	(v.) to bend, bow, curve, turn, turn round
fleo, -ere, flevi, fletum	(v.) to weep, cry, shed tears, lament, wail
flos, -oris (m.)	(n.) flower, blossom; youthful prime
fluctus, -us (m.)	(n.) wave, flow, tide, surge
flumen, -inis (n.)	(n.) a flowing, flood, stream, running water, river
fluo, -ere, fluxi, fluxum	(v.) to flow; proceed from
for, fari, fatus sum	(v.) to speak, say
forma, -ae (f.)	(n.) form, contour, figure, shape, appearance, looks
formido, -inis (f.)	(n.) fearfulness, fear, terror, dread, awe
fortasse	(adv.) perhaps, possibly; it may be
forte	(adv.) by chance, by accident
fortis, -e	(adj.) strong, firm, stout, courageous, brave, valiant, bold, fearless
fortuna, -ae (f.)	(n.) chance, luck, fate, fortune
forum, -i (n.)	(n.) forum, market; the Forum (in Rome); court of justice
frango, -ere, fregi, fractum	(v.) to break (in pieces), dash to pieces, shiver, shatter, fracture
frater, -tris (m.)	(n.) brother
frustra	(adv.) in vain; for nothing, to no purpose
fuga, -ae (f.)	(n.) fleeing, flight, running away
fugio, -ere, fugi, fugitum	(v.) to flee, fly, take flight, run away, make off
furor, -oris (m.)	(n.) raving, rage, madness, fury, passion
futurus, -a, -um	(adj.) going to be, yet to be, to come, future
Gaius (or Caius), -i (m.)	(proper n.) Gaius, a Roman male name (praenomen) abbreviated C.
gaudeo, -ere, gavisus sum	(v.) to rejoice, be glad, be joyful, take pleasure, be pleased, delight
gaudium, -i (n.)	(n.) joy, gladness, delight
geminus, -a, -um	(adj.) born together, twin-born, twin; paired, double, twofold, both, two
gemitus, -us (m.)	(n.) a sighing, sigh, groan, lamentation, complaint
gens, gentis (f.)	(n.) race, clan, house
genus, -eris (n.)	(n.) race, family, birth, descent, origin, sort, kind
gero, -ere, gessi, gestum	(v.) to bear about, bear, carry, wear, have, hold, sustain
gladiator, -oris (m.)	(n.) gladiator
gladius, -i (m.)	(n.) sword
gloria, -ae (f.)	(n.) glory, fame, renown, praise, honor
gradus, -us (m.)	(n.) step, pace, gait, walk
gratia, -ae (f.)	(n.) favor, regard, liking, love, friendship; charm, beauty, loveliness
gratus, -a, -um	(adj.) beloved, dear, acceptable, pleasing, agreeable
gravis, -e	(adj.) heavy, weighty, ponderous, burdensome, loaded, laden, burdened
habeo, -ere, -ui, -itum	(v.) to have, hold, support, carry, wear
habito, -are, -avi, -atum	(v.) to inhabit, dwell; to live, stay
haereo, -ere, haesi, haesum	(v.) to stick, adhere, cling to; to hesitate; to be in difficulties
Harpocras, -tis (m.)	(proper n.) a Greek male name
hasta, -ae (f.)	(n.) staff, rod, pole; spear, javelin
haud or haut	(adv.) not, not at all, by no means
haurio, -ire, hausi, haustum	(v.) to draw up, draw out, draw; to drain, drink up, spill, shed
Helvia, -ae (f.)	(proper n.) a Roman female name (nomen – name of a Roman gens)
herba, -ae (f.)	(n.) grass, herb
heri	(adv.) yesterday
hic	(adv.) here, in this place
hic, haec, hoc	(pron./adj.) this
hiems, -emis (m.)	(n.) winter; cold, frost; storm, stormy weather
hinc	(adv.) from this place, hence
historia, -ae (f.)	(n.) narrative of past events, history
hodie	(adv.) today, nowadays; at the present time
homo, -inis (m.)	(n.) human being, man, person
honor (honos), -oris (m.)	(n.) honor, repute, esteem, reputation, praise, distinction
hora, -ae (f.)	(n.) hour; time; season
horrendus, -a, -um	(adj.) dreadful, terrible, fearful, horrible
horreo, -ere, -ui	(v.) to shudder (at), stand on end, stand erect, bristle, be rough
hortus, -i (m.)	(n.) garden; park (pl.)
hospes, -itis (m.)	(n.) guest, visitor; stranger; host
hostis, -is (m.)	(n.) stranger, foreigner; enemy, foe, public enemy
huc	(adv.) to this place, hither
humanus, -a, -um	(adj.) of man, human
iaceo, -ere, -cui, -citum	(v.) to lie down, be prostrate, lie at rest
iacio, -ere, ieci, iactum	(v.) to throw (away); establish; declare
iacto, -are, -avi, -atum	(v.) to throw, cast, hurl
iam	(adv.) at the moment, at the present moment, now, already, at this time, just now, at present
ianua, -ae (f.)	(n.) door, entrance
iatralipta or -es, -ae (m.)	(n.) doctor, especially one who uses massage and ointments
ibi	(adv.) in that place, there; on the spot, then, thereupon
idem, eadem, idem	(pron./adj.) the same
igitur	(conj.) then, therefore, thereupon, accordingly, consequently
ignavus, -a, -um	(adj.) lazy, idle; spiritless; cowardly, faint-hearted; ignoble
ignis, -is (m.)	(n.) fire
ille, illa, illud	(pron./adj.) that
illic	(adv.) in that place, yonder, there
imago, -inis (f.)	(n.) imitation, copy, image, likeness, statue, picture; ghost
immineo (inm-), -ere	(v.) to project over, lean toward, hang down over, overhang, loom (over), threaten
immortalis (inm-), -e	(adj.) immortal, undying
impello (inp-), -ere, -puli, -pulsum	(v.) to strike against, push, drive, strike; set in motion, drive forward, move, urge on
imperator, -oris (m.)	(n.) commander, leader, chief, director, ruler, general, emperor
imperium, -i (n.)	(n.) command, order; supreme power, sway, dominion, empire
impetus, -us (m.)	(n.) attack, assault, onset; violence, fury, rush, force
implico (inp-), -are, -avi, -atum (or -ui, -itum)	(v.) to enfold, involve, entangle, envelop, encircle, embrace, clasp, grasp
impono (inp-), -ere, -posui, -positum	(v.) to place upon, set on, impose, establish, introduce, set, place
in	(prep.) (with abl.) in, on; (with acc.) into, to, onto, against
incendium, -i (n.)	(n.) fire; fiery heat; fiery passion, love, hostility; incendiary missile; (pl.) flames
incertus, -a, -um	(adj.) not fixed, unsettled, undetermined; hesitating, undecided, doubtful, at a loss
incido, -ere, -cidi	(v.) to fall in, fall, light, strike, reach, find the way
incipio, -ere, -cepi, -ceptum	(v.) to take hold, take in hand, begin
incito, -are, -avi, -atum	(v.) to enrage; urge on, incite; inspire
inde	(adv.) from that place, from there, thence
induo, -ere, -ui, -utum	(v.) to put on, clothe, cover; to dress oneself in
infans, -ntis	(adj.) speechless; (as a noun) little child, infant, baby
infelix, -icis	(adj.) unfruitful, not fertile, barren; unfortunate, ill-fated, unhappy, miserable, unlucky
inferus, -a, -um	(adj.) below, beneath, underneath, lower, of the lower world
ingenium, -i (n.)	(n.) innate quality, nature, temperament, constitution, character
ingens, -entis	(adj.) not natural, vast, huge, enormous, great, remarkable
inimicus, -a, -um	(adj.) unfriendly, hostile, inimical; (as a noun) enemy
initium, -i (n.)	(n.) beginning; entrance
iniuria, -ae (f.)	(n.) injustice, wrong, outrage, injury, insult
inquam (defective verb, inquis, inquit, inquimus, inquiunt)	(v.) to say
insanus, -a, -um	(adj.) insane, unhealthy in mind
inspicio, -ere, -spexi, -spectum	(v.) to examine, inspect; to consider, look into
insula, -ae (f.)	(n.) island; apartment building
intellego, -ere, -exi, -ectum	(v.) to understand; realize
intendo, -ere, -di, -tum	(v.) to stretch out, reach forth, extend
intentus, -a, -um	(adj.) eager, intent, attentive; strict; intense, strenuous; serious
inter	(prep.) (with acc.) between, among
interdum	(adv.) sometimes, occasionally, now and then, meanwhile
interea	(adv.) meanwhile, in the meantime
interficio, -ere, -feci, -fectum	(v.) to kill, destroy
interim	(adv.) meanwhile, in the meantime
intra	(prep.) (with acc.) (of space) within, inside, on the inside; (of time) during; fewer than
intro, -are, -avi, -atum	(v.) to go into, enter
invenio, -ire, -veni, -ventum	(v.) to come upon, find, meet with, light upon
invitus, -a, -um	(adj.) reluctant, unwilling; against one’s will
ipse, -a, -um	(pron./adj.) self, in person, himself, herself, itself, etc.
ira, -ae (f.)	(n.) anger, wrath, rage, ire, passion, indignation
iratus, -a, -um	(adj.) angry, angered; violent
is, ea, id	(pron./adj.) he, she, it; this, that, the
iste, -a, -ud	(pron./adj.) that, this, that of yours
ita	(adv.) in this manner, in such a way, so, thus, accordingly, as has been said
Italia, -ae (f.)	(proper n.) Italy
itaque	(conj.) and so, and thus, and accordingly
iter, itineris (n.)	(n.) a going, walk, way, journey, passage, march, voyage
iterum	(adv.) again, a second time, once more, anew
iubeo, -ere, iussi, iussum	(v.) to order, give an order, bid, tell, command
iudex, -icis (m.)	(n.) judge; juror
iugum, -i (n.)	(n.) yoke, collar; height, summit, ridge, chain of mountains
Iulia, -ae (f.)	(proper n.) a Roman female name (nomen – name of a Roman gens)
Iuno, -onis (f.)	(proper n.) Juno, queen of the gods, daughter of Saturn, sister and wife of Jupiter, goddess of marriage
Iuppiter (Iupi-), Iovis (m.)	(proper n.) Jupiter, Jove, king of the gods, son of Saturn, brother and husband of Juno, god of the sky
ius, iuris (n.)	(n.) right, justice, duty, law
iuvenis, -is (m. or f.)	(n.) young person, youth
iuvo, -are, iuvi, iutum	(v.) to help, aid, assist, further, serve, support, benefit, delight, please
iuxta	(prep.) (with acc.) near, close to, next to; on par with, like
labor, -i, lapsus sum	(v.) to glide, slide, move, fall, slip, float, pass, flow
labor, -oris (m.)	(n.) labor, toil, exertion
laboro, -are, -avi, -atum	(v.) to work; produce; be troubled, sick, oppressed, in distress
lacrima (lacruma), -ae (f.)	(n.) tear
lacrimo, -are, -avi, -atum	(v.) to cry, shed tears
laedo, -ere, -si, -sum	(v.) to hurt, wound, injure, damage
laetitia, -ae (f.)	(n.) joy, happiness; source of joy, delight
laetus, -a, -um	(adj.) happy, joyful, cheerful, glad, delighted, full of joy
Laocoön, -ontis (m.)	(proper n.) Laocoön, a Trojan prince and priest of Apollo, serving as the priest of Neptune in the last days of Troy
lapis, -idis (m.)	(n.) stone
Latium, -i (n.)	(proper n.) Latium, the region of Italy in which Rome was situated
latus, -eris (n.)	(n.) side, flank
laudo, -are, -avi, -atum	(v.) to praise, commend, honor, approve
laus, laudis (f.)	(n.) praise, commendation, glory, fame, renown, esteem
lavo, -are (or -ere), lavi, lautus (or lotus)	(v.) to wash, bathe
lectus, -i (m.)	(n.) couch, bed
legatus, -i (m.)	(n.) ambassador, legate
legio, -onis (f.)	(n.) body of soldiers, legion
lego, -ere, legi, lectum	(v.) to bring together, gather, choose; to read
lentus, -a, -um	(adj.) slow
leo, leonis (m.)	(n.) lion
levis, -e	(adj.) light, not heavy
lex, legis (f.)	(n.) law, bill, regulation, principle, rule
liber, -bri (m.)	(n.) bark of a tree; paper, book
liber, -era, -erum	(adj.) free, unrestricted, unrestrained, unimpeded, unshackled
liberi, -orum (m. pl.)	(n.) children
libero, -are, -avi, -atum	(v.) to free; acquit, absolve; liberate, release
liberta, -ae (f.)	(n.) freedwoman, freed person, formerly enslaved woman
libertas, -atis (f.)	(n.) freedom, liberty, absence of restraint, permission
libertus, -i (m.)	(n.) freedman, freed person, formerly enslaved man
licet, -ere, licuit and licitum est	(v.) it is lawful, is allowed, is permitted; even if, although, notwithstanding
limen, -inis (n.)	(n.) threshold, sill
lingua, -ae (f.)	(n.) tongue; speech, language
littera, -ae (f.)	(n.) letter (of the alphabet); (pl.) letter, epistle; literature, books, records, account
litus, -oris (n.)	(n.) seashore, seaside, beach
Livia, -ae (f.)	(proper n.) a Roman female name (nomen – name of a Roman gens)
locus or locum, -i (m.)	(n.) place, spot
longe	(adv.) a long way off, far, far off, at a distance
longus, -a, -um	(adj.) long, extended
loquor, -i, locutus sum	(v.) to speak, talk, say, tell, mention, utter
Lucilius, -i (m.)	(proper n.) a Roman male name (nomen – name of a Roman gens)
ludo, -ese, lusi, lusum	(v.) to play, mock, tease, trick
ludus, -i (m.)	(n.) game, play, sport, pastime, entertainment, fun; school, elementary school
lumen, -inis (n.)	(n.) light, daylight; brightness; day; life; eye
luna, -ae (f.)	(n.) moon; month
lupus, -i (m.)	(n.) wolf
lux, lucis (f.)	(n.) light, brightness
machina, -ae (f.)	(n.) machine, engine
magis	(adv.) more, in a higher degree, more completely
magister, -i (m.)	(n.) teacher, tutor, master, expert, chief; pilot of a ship
magnus, -a, -um	(adj.) great, large
malo, malle, malui	(v.) to prefer, incline toward, wish rather
malum, -i (n.)	(n.) an evil, mischief, misfortune, calamity
malus, -a, -um	(adj.) bad, not good, evil
mane	(adv.) in the morning; early in the morning
maneo, -ere, -nsi, -nsum	(v.) to stay, remain, abide, wait for, expect
manus, -us (f.)	(n.) hand; band (of soldiers)
mare, -is (n.)	(n.) sea
maritus, -i (m.)	(n.) married man, husband
mater, -tris (f.)	(n.) mother
maxime or maxume	(adv.) in the highest degree, especially, exceedingly, very
medicus, -i (m.)	(n.) doctor, surgeon
medium, -i (n.)	(n.) middle, midst, center, interval, intervening space
medius, -a, -um	(adj.) in the middle, in the midst, mid, mean, middle (of)
membrum, -i (n.)	(n.) of the body, a limb, member
memini, -isse	(v.) (a defective verb) to remember, recollect; (with gen.) think of, is mindful of
memor, -oris	(adj.) mindful, remembering, heedful
memoria, -ae (f.)	(n.) memory, recollection; history
mens, mentis (f.)	(n.) mind, disposition, feeling, character, heart, soul
mensa, -ae (f.)	(n.) table; course, meal; counter (of a market stall or bank)
mensis, -is (m.)	(n.) month
mercator, -oris (m.)	(n.) trader, merchant
mereo, -ere, -ui, -itum	(v.) to deserve, merit, be entitled to, be worthy of; earn
metuo, -ere, -ui	(v.) to fear, be afraid, stand in fear, be apprehensive
metus, -us (m.)	(n.) fear, dread, apprehension, anxiety
meus, -a, -um	(adj.) of me, my, mine, belonging to me, my own
miles, -itis (m.)	(n.) soldier
mille (pl. milia or millia) or M (n.)	(n.) a thousand, ten hundred
minus	(adv.) less
mirabilis, -e	(adj.) strange, amazing, marvelous; singular
misceo, -ere, miscui, mixtum	(v.) to mix, mingle, intermingle, blend
Misenum, -i (n.)	(proper n.) Misenum, a town and harbor in Campania
miser, -era, -erum	(adj.) wretched, unfortunate, miserable, pitiable, in distress
mitto, -ere, misi, missum	(v.) to send, cause to go, let go, send off, dispatch
modo	(adv.) only, merely, solely, simply, but, no more than
modus, -i (m.)	(n.) measure, extent, quantity; manner, way, mode
moenia, -ium (n. pl.)	(n.) defensive walls, ramparts, bulwarks, city walls
mollis, -e	(adj.) yielding, flexible, supple, soft, tender, delicate, gentle, mild, pleasant
moneo, -ere, -ui, -itum	(v.) to remind, advise, warn; teach; admonish; foretell
mons, montis (m.)	(n.) mountain, mount, range of mountains
monstrum, -i (n.)	(n.) divine omen, miracle; monster
mora, -ae (f.)	(n.) delay, procrastination
morior, -iri, mortuus sum	(v.) to die, expire
moror, -ari, -atus sum	(v.) to delay, stay, wait, remain, linger
mors, -tis (f.)	(n.) death
mos, moris (m.)	(n.) will, way, habit, manner, fashion, custom, practice
moveo, -ere, movi, motum	(v.) to move, stir, set in motion, shake, disturb, remove
mox	(adv.) soon, directly, presently, then
mulier, -eris (f.)	(n.) woman
multitudo, -inis (f.)	(n.) multitude, great number; crowd; rabble, mob
multum	(adv.) much, very much, greatly
multus, -a, -um	(adj.) much, great, many
mundus, -i (m.)	(n.) universe, world, heavens, earth
munus, -eris (n.)	(n.) service, office, duty; gift, present
murus, -i (m.)	(n.) wall, city wall
Musonius, -i (m.)	(proper n.) a Roman male name (nomen – name of a Roman gens)
muto, -are, -avi, -atum	(v.) to move, move away, remove, change
nam or namque	(conj.) for, you see
narro, -are, -avi, -atum	(v.) to make known, tell, relate, narrate, report, recount, set forth
nascor, -i, natus sum	(v.) to be born, begin life, be produced, proceed, be begotten
natura, -ae (f.)	(n.) nature, natural constitution, property, quality
natus (gnatus), -i (m.)	(n.) son
nauta, -ae (m.)	(n.) sailor
navigo, -are, -avi, -atum	(v.) to sail; navigate
navis, -is (f.)	(n.) ship
ne	(adv./conj.) no, not, (+ quidem) not even, that not, lest, so that not
-ne	(enclitic) added in a direct question as a question mark to the first or principal word of the clause
nec or neque	(conj.) and not, also not, nor; neither...nor (nec/neque...nec/ neque)
necesse	(adj.) necessary, essential; unavoidable, compulsory, inevitable; true
neglego, -ere, -exi, -ectum	(v.) to disregard, neglect, ignore; do nothing about
nego, -are, -avi, -atum	(v.) to say no, deny, refuse
negotium, -i (n.)	(n.) work, business, activity, job; pain, trouble, annoyance, distress
nemo, -inis	(pron.) no man, no one, nobody
nemus, -oris (n.)	(n.) tract of woodland, wood, forest, grove
nescio, -ire, -ivi, -itum	(v.) to not know (how); be ignorant, unfamiliar, unaware, unable
ni	(adv./conj.) not; if not, unless
niger, -gra, -grum	(adj.) black, dark
nihil or nil	(pron.) nothing
nisi	(conj.) if not, unless, except
nobilis, -e	(adj.) that is known, well-known, famous, noted, celebrated, renowned
nolo, nolle, nolui	(v.) to wish ... not, not to wish; be unwilling, refuse
nomen, -inis (n.)	(n.) a means of knowing, name
non	(adv.) not, by no means, not at all
nondum	(adv.) not yet
nonne	(adv.) ...right?, ...correct?, ...yes? [indicates a question that expects a “yes” answer]
nos, nostrum/nostri, nobis, nos, nobis	(pron.) we, us
nosco, -ere, novi, notum	(v.) to get knowledge of, become acquainted with, come to know, learn, discern
noster, -stra, -strum	(adj.) our, our own, ours, of us
notus, -a, -um	(adj.) known, well known
novus, -a, -um	(adj.) new, not old, young, fresh, recent
nox, noctis (f.)	(n.) night
nubes, -is (f.)	(n.) cloud, mist, vapor
nubila, -orum (n. pl.)	(n.) clouds, rainclouds
nullus, -a, -um	(adj.) not any, none, no
num	(adv.) if, whether; now; surely not? [indicates a question that expects a “no” answer]
numen, -inis (n.)	(n.) nod; command, authority, divine will; divinity, deity
numero, -are, -avi, -atum	(v.) to count, reckon, number
numerus, -i (m.)	(n.) number
numquam	(adv.) at no time, never
nunc	(adv.) now, at present, at this time
nuntio, -are, -avi, -atum	(v.) to announce, report, give warning; convey, deliver
nuntius, -i (m.)	(n.) announcement, message; messenger
nympha, -ae (f.)	(n.) nymph (a demi-goddess who inhabits the sea, rivers, fountains, woods, trees, and mountains)
o	(interj.) O! oh!
ob	(prep.) (with acc.) on account of, for, because of, by reason of, for the sake of
obscurus, -a, -um	(adj.) dark, dusky, shady, obscure
occido, -ere, -cidi, -casum	(v.) to fall down, fall
occupo, -are, -avi, -atum	(v.) to take into possession, seize, occupy, master, win
occurro (obc-), -ere, -curri (or -cucurri), -cursum	(v.) (with dat.) to run to meet; to oppose, resist; to come to mind, occur
oculus, -i (m.)	(n.) eye
odium, -i (n.)	(n.) hate, dislike, unpopularity
olim	(adv.) formerly; once, once upon a time; in the future
omnis, -e	(adj.) all, every
operio, -ire, -ui, -ertum	(v.) to cover, cover over
oppidum, -i (n.)	(n.) town
ops, opis (f.)	(n.) power, might; aid, help; property, substance, wealth
opto, -are, -avi, -atum	(v.) to choose, select, prefer, wish, wish for, desire
opus, -eris (n.)	(n.) work, labor, toil; (with abl. or inf.) need (of)
ora, -ae (f.)	(n.) extremity, border, edge, end, boundary, limit, shore
oratio, -onis (f.)	(n.) speech; eloquence; the power of speech
orator, -oris (m.)	(n.) speaker, orator
orbis, -is (m.)	(n.) ring, circle, circular path, hoop, orbit
ordo, -inis (m.)	(n.) row, line, series, order, rank
oro, -are, -avi, -atum	(v.) to speak, argue, plead, pray, beg, implore, ask for
os, oris (n.)	(n.) mouth; (in general) face
ostendo, -ere, -di, ostentum	(v.) to stretch out, spread before, show, point out, exhibit, display
otium, -i (n.)	(n.) leisure; spare time; holiday; ease, rest, peace, quiet, calm
paene	(adv.) nearly, almost; mostly
Pallas, -antis (m.)	(proper n.) Pallas, son of Evander
palma, -ae (f.)	(n.) palm, flat hand; palm tree, palm
panis, -is (m.)	(n.) bread
par, paris	(adj.) equal
parco, -ere, peperci, parsum	(v.) (with dat.) to act sparingly, be sparing, spare, refrain from, use moderately
parens, -entis (m. or f.)	(n.) procreator, father, mother, parent
pariter	(adv.) equally, in an equal degree, in like manner, as well, as much, alike
paro, -are, -avi, -atum	(v.) to prepare, make ready, furnish, provide; arrange, order, design
pars, partis (f.)	(n.) part, piece, portion, share, division, section
parum	(adv.) too little, not enough, insufficiently
parvus, -a, -um	(adj.) little, small, petty, puny, inconsiderable
pater, -tris (m.)	(n.) father
patior, -i, passus sum	(v.) to bear, support, undergo, suffer, endure, allow
patria, -ae (f.)	(n.) fatherland, native land, own country, native place
patrona, -ae (f.)	(n.) protectress, patroness, female patron
patronus, -i (m.)	(n.) patron; advocate; defender, protector
paucus, -a, -um	(adj.) few, little
paulum, paulo	(adv.) to only a small extent, slightly, a little
pauper, -eris	(adj.) poor, meager, unproductive; cheap, of little worth
pax, pacis (f.)	(n.) compact, agreement, peace, treaty of peace
pectus, -oris (n.)	(n.) breast, chest
pecunia, -ae (f.)	(n.) money; property
pello, -ere, pepuli, pulsum	(v.) to beat; to push; to drive out, banish, strike, defeat, drive away
pendeo, -ere, pependi	(v.) to hang, hang down, be suspended
per	(prep.) (with acc.) through, across, along, among
perdo, -ere, -didi, -ditum	(v.) to destroy, make away with, ruin, squander, throw away, waste, lose
pereo, -ire, -ii (or -ivi), -itum	(v.) to pass away, come to nothing, vanish, disappear, perish, die
periculosus, -a, -um	(adj.) dangerous; threatening
periculum or periclum, -i (n.)	(n.) trial, experiment, attempt, test; risk, hazard, danger, peril
persuadeo, -ere, -suasi, -suasum	(v.) (with dat.) to persuade, convince
pervenio, -ire, -veni, -ventum	(v.) to come up, arrive, reach
pes, pedis (m.)	(n.) foot
peto, -ere, -ivi (or -ii), -itum	(v.) to strive for, seek, aim at, make for, travel to, ask for
pharetra, -ae (f.)	(n.) quiver
pictura, -ae (f.)	(n.) painting; picture
placeo, -ere, -cui, placitus sum (or placitum)	(v.) (with dat.) to please, be pleasing, be agreeable, be acceptable, suit, satisfy
plaudo, -ere, plausi, plausum	(v.) to clap, strike; beat (wings); applaud; express (dis)approval
plenus, -a, -um	(adj.) full, filled
Plinius, -i (m.)	(proper n.) a Roman male name (nomen – name of a Roman gens)
plus, pluris	(adj.) more
poculum, -i (n.)	(n.) cup, bowl, drinking vessel; drink; (pl.) social drinking
poena, -ae (f.)	(n.) compensation, retribution, punishment, penalty, price
poeta, -ae (m.)	(n.) poet
pompa, -ae (f.)	(n.) procession; retinue; pomp
pono, -ere, posui, positum	(v.) to put down, set down, put, place, set, fix, lay, deposit
pons, pontis (m.)	(n.) bridge
populus, -i (m.)	(n.) people, nation
Porcius, -i (m.)	(proper n.) a Roman male name (nomen – name of a Roman gens)
porta, -ae (f.)	(n.) gate, entrance; city gates; door; avenue
porto, -are, -avi, -atum	(v.) to carry, bring
portus, -us (m.)	(n.) port, harbor; refuge, haven
posco, -ere, poposci	(v.) to ask urgently, beg, demand, request, desire
possum, posse, potui	(v.) to be able, have power, can
post	(prep./adv.) (with acc.) (of space) behind, after; (of time) behind, afterward, after, later
postea	(adv.) afterward
postquam or post quam	(adv.) after that, after, as soon as, when
potens, -entis	(adj.) powerful, strong; capable; mighty
potestas, -atis (f.)	(n.) power, rule, force; strength, ability
praemium, -i (n.)	(n.) prize, reward; gift; repayment
praesidium, -i (n.)	(n.) protection; help; guard; garrison
praesto, -are, -iti, -atum (or -itum)	(v.) to stand out, be superior, be better; exhibit, fulfill
precor, -ari, -atus	(v.) to ask, beg, entreat, pray, request, call upon
premo, -ere, -essi, -essum	(v.) to press, repress, oppress, restrain
primum	(adv.) at first, first, in the first place, in the beginning
primus, -a, -um	(adj.) the first, first
princeps, -cipis	(adj.) first in order, foremost, chief
princeps, -cipis (m.)	(n.) first man, first person; chief, leader, ruler, emperor
prior, prius	(adj.) former, previous, prior, first
prius	(adv.) sooner, first, previously
priusquam or prius quam	(adv.) before that, before; sooner, rather
pro	(prep.) (with abl.) before, in front of, for
procul	(adv.) in the distance, at a distance, away, apart, far, far off
proelium, -i (n.)	(n.) battle, combat
proficiscor, -i, -fectus sum	(v.) to set out, start, go, march, depart
prope	(prep.) (with acc.) near, near to
propero, -are, -avi, -atum	(v.) to make haste, hasten, be quick, be in haste, go quickly
propius	(adv.) more nearly, more closely, nearer, closer
propter	(prep.) (with acc.) near, close to; because of, on account of
prosum, prodesse, profui	(v.) (with dat.) to be useful, be of use, do good, benefit, profit, serve
provincia, -ae (f.)	(n.) province; official duty
proximus or proxumus, -a, -um	(adj.) nearest, next
prudens, -entis	(adj.) aware, skilled; sensible, prudent; experienced
prudentia, -ae (f.)	(n.) discretion; good sense, wisdom; prudence; foresight
puella, -ae (f.)	(n.) female child, girl, maiden
puer, -eri (m.)	(n.) male child, boy, lad, young man
pugna, -ae (f.)	(n.) fight, fight in close quarters, battle, combat, engagement
pugno, -are, -avi, -atum	(v.) to fight; to dispute
pulcher, -chra, -chrum	(adj.) beautiful, fair, handsome
pulso, -are, -avi, -atum	(v.) to beat, strike, hit
pumex, -icis (f.)	(n.) pumice stone
punio, -ire, -ivi, -itum	(v.) to punish, inflict punishment; avenge, extract retribution
puto, -are, -avi, -atum	(v.) to believe, think, suppose; clean, trim
qua	(adv.) on which side, at which place, in what direction, where, by what way
quaero, -ere, quaesivi (or -ii), quaesitum	(v.) to seek, look for
qualis, -e	(adj.) of what sort, of what nature, what kind of a; of such a sort, kind, or nature, such as, as
quam	(adv.) in what manner, how greatly, how, how much; as, than; after than, earlier than
quamquam	(conj.) though, although, albeit, notwithstanding that
quamvis	(adv./conj.) as you will, as much as you will, however much, as much as possible, very much, extremely
quando	(adv./conj.) when, since, because
quantus, -a, -um	(adj.) of what size, how much, how great; as (correl. with tantus)
quasi	(adv.) as if, just as if, as though
quater	(adv.) four times
-que	(enclitic) and (affixed to a word and joining it with a preceding word), both...and (-que...-que)
qui, quae, quod	(pron./adj.) who, which, that
quia	(conj.) because, since
quicumque, quaecumque, quodcumque	(pron./adj.) whoever, whatever, whatsoever, everyone who, everything that, all that
quidam, quaedam, quoddam (or quiddam)	(pron./adj.) certain, certain one, somebody, one, something
quidem	(adv.) assuredly, certainly, in fact, indeed
quiesco, -ere, quievi, quietum	(v.) to rest, repose, keep quiet, be inactive, be at peace
quin	(conj.) why not; but, indeed, really, in fact
quippe	(adv./conj.) of course, as you see, obviously, as one might expect, naturally, by all means
quis, qua, quid	(pron./adj.) anyone, anything, someone, something (often with si, ne, num, or nisi)
quis, quid	(pron./adj.) who, what
quisquam, quaequam, quicquam (or quidquam)	(pron./adj.) any, anyone
quisque, quaeque, quidque (or quodque or quicque)	(pron./adj.) whoever it be, whatever, each, each one, every, everybody, everyone
quisquis, quaeque, quodquod (or quidquid or quicquid)	(pron./adj.) whoever, whosoever, whatever, whatsoever, everyone who, each, every, all
quo	(adv.) to where, in where, where; for which reason, to what end, why, in order that, so that
quod	(conj.) that, in that, because, but, though
quomodo	(adv.) how, in what way; just as
quoque	(conj.) also, too
quot	(adj.) how many, as many as, as many...as (tot...quot)
quotus, -a, -um	(adj.) which (in number), what, of what number
rapio, -ere, -pui, -ptum	(v.) to seize and carry off, snatch, tear, drag, hurry away
ratio, -onis (f.)	(n.) reason, understanding; calculation, computation
recipio, -ere, -cepi, -ceptum	(v.) to take back, bring back, regain, recover; receive, accept
recito, -are, -avi, -atum	(v.) to read aloud, recite; name in writing
reddo, -ere, -didi, -ditum	(v.) to give back, return, restore; give up, hand over, deliver
redeo, -ire, -ii, -itum	(v.) to go back, turn back, return, turn around
refero, referre, rettuli, relatum	(v.) to bear back, bring back, drive back, carry back; reply
regina, -ae (f.)	(n.) queen
regnum, -i (n.)	(n.) kingdom, kingly government, royal authority, kingship, royalty
rego, -ere, rexi, rectum	(v.) to keep straight, guide, conduct, direct, control, rule
relinquo, -ere, -liqui, -lictum	(v.) to leave behind, give up, leave, abandon
reliquus, -a, -um	(adj.) rest of, remaining, available, left, surviving; future, further
requiro, -ere, -quisivi (or -quisii), -quisitum	(v.) to seek again, look after, search for, ask
res, rei (f.)	(n.) thing, matter, affair, business, event, fact, circumstance, occurrence, case, situation
resideo, -ere, -sedi	(v.) to sit back, remain sitting, remain behind, stay, remain, rest, reside
respicio, -ere, -spexi, -spectum	(v.) to look back, look about, see behind, gaze at, look for
respondeo, -ere, -spondi, -sponsum	(v.) to answer, reply, respond, make answer
rex, regis (m.)	(n.) ruler, king
rideo, -ere, risi, risum	(v.) to laugh, smile
rogo, -are, -avi, -atum	(v.) to ask, question, interrogate
Roma, Romae (f.)	(proper n.) (the city of) Rome
Romanus, -a, -um	(adj.) of Rome, Roman
rumpo, -ere, rupi, ruptum	(v.) to break, burst, tear, rupture, burst in pieces, force open
rursus or rursum	(adj./adv.) turned back, back, backwards; back again, again, once more
rusticus, -a, -um	(adj.) country, rural; plain, simple, rustic; provincial, unrefined
sacer, -cra, -crum	(adj.) dedicated, consecrated, devoted, sacred
sacrificium, -i (n.)	(n.) sacrifice, offering to a deity
saeculum or saeclum, -i (n.)	(n.) generation, age, people of any time
saepe	(adv.) often, oft, oftentimes, many times, frequently
saevus, -a, -um	(adj.) raging, mad, furious, fierce, savage, ferocious, cruel, violent, severe
salio, -ire, salui, saltum	(v.) to leap, jump; move suddenly
salus, -utis (f.)	(n.) soundness, health, good health, vigor, safety
saluto, -are, -avi, -atum	(v.) to greet; wish well; visit
sanguis (sanguen), -inis (m.)	(n.) blood
sanus, -a, -um	(adj.) sound, healthy; sensible; sober, sane
sapiens, -entis	(adj.) wise, knowing, sensible
sapientia, -ae (f.)	(n.) wisdom; judgment, understanding; reason, intelligence
satis or sat	(adj./adv.) enough, sufficient, satisfactory, ample, adequate
saxum, -i (n.)	(n.) large stone, broken rock, boulder, rock
scelestus, -a, -um	(adj.) infamous, wicked; accursed
scelus, -eris (n.)	(n.) wicked deed, heinous act, crime, sin, wickedness
schola, -ae (f.)	(n.) school; followers of a system, teacher, or subject
scientia, -ae (f.)	(n.) knowledge, science; skill
scio, -ire, -ivi, -itum	(v.) to know, understand, perceive, have knowledge of, be skilled in
scribo, -ere, scripsi, scriptum	(v.) to write, write out, compose, draw up, produce
sed	(conj.) but, on the contrary, but also, but even, but in fact
sedeo, -ere, sedi, sessum	(v.) to sit, remain, settle
sedes, -is (f.)	(n.) seat, bench, chair, throne; place, spot; (pl.) dwelling-place, palace
sella, -ae (f.)	(n.) seat, stool, chair; chair of an official
semper	(adv.) ever, always, at all times, continually, perpetually, forever
senator, -oris (m.)	(n.) senator
senatus, -us (m.)	(n.) council of elders, council of state, Senate
senex, senis (m.)	(n.) old man
sententia, -ae (f.)	(n.) opinion, feeling, way of thinking; thought, meaning, sentence/period; purpose
sentio, -ire, sensi, sensum	(v.) to discern by sense, feel, hear, see, perceive, be sensible of
sepulcrum, -i (n.)	(n.) grave, tomb
sequor, -i, secutus sum	(v.) to follow, come after, follow after, accompany
sermo, -onis (m.)	(n.) continued speech, talk, conversation, discourse
servo, -are, -avi, -atum	(v.) to make safe, save, preserve, guard, keep, protect, rescue
servus, -i (m.)	(n.) enslaved man
severus, -a, -um	(adj.) stern, strict, severe; weighty, serious; plain
si	(conj.) if
sic	(adv.) so, thus, in this manner, in such a manner, in the same way or manner, in like manner, likewise
sidus, -eris (n.)	(n.) group of stars, constellation, heavenly body, star
significo, -are, -avi, -atum	(v.) to signify, indicate, show
signum, -i (n.)	(n.) mark, token, sign, indication, proof; military standard, banner
silva, -ae (f.)	(n.) woods, forest, woodland
similis, -e	(adj.) like, resembling, similar
simul	(adv.) at the same time, together, at once, simultaneously
sine	(prep.) (with abl.) without
sinister, -tra, -trum	(adj.) (on the) left, improper, adverse; inauspicious
sinus, -us (m.)	(n.) bent surface, curve, fold, hollow, coil; lap; bay, gulf
sive or seu	(conj.) or if
socius, -a, -um	(adj.) sharing, joining in, united, associated, allied, fellow, common
sol, solis (m.)	(n.) sun
soleo, -ere, -ui, -itum	(v.) to be used, be wont, be accustomed
sollicitus, -a, -um	(adj.) concerned, worried; upset, troubled, disturbed, anxious, apprehensive
solus, -a, -um	(adj.) alone, only, single, sole
solvo, -ere, solvi, solutum	(v.) to loosen, unbind, unfasten, untie, release
somnium, -i (n.)	(n.) dream, vision; fantasy, daydream
somnus, -i (m.)	(n.) sleep; (in plural) dream
sono, -are, -ui, -itum	(v.) to make a noise, sound, resound
sonus, -i (m.)	(n.) noise, sound
sordidus, -a, -um	(adj.) dirty, unclean, foul, filthy; vulgar, low, paltry; vile
soror, -oris (f.)	(n.) sister
sors, sortis (f.)	(n.) lot, decision by lot, drawing; oracular response, prophecy
spatium, -i (n.)	(n.) space, room, extent, distance, interval
spectaculum, -i (n.)	(n.) show, spectacle; (pl.) spectators’ seats
spectator, -oris (m.)	(n.) spectator
specto, -are, -avi, -atum	(v.) to look on, look at, behold, gaze at, watch, observe, inspect, attend
spero, -are, -avi, -atum	(v.) to hope for; trust; look forward to, expect
spes, spei (f.)	(n.) hope
spiritus, -us (m.)	(n.) breathing, breath
spiro, -are, -avi, -atum	(v.) to breathe; blow, breathe out, exhale; live
statim	(adv.) straightaway, at once, immediately, instantly
statua, -ae (f.)	(n.) statue; image
sterno, -ere, stravi, stratum	(v.) to spread out, stretch out, scatter; cover; overthrow, lay low, kill
stilus, -i (m.)	(n.) pen, stylus used for writing on wax tablets
sto, -are, steti, statum	(v.) to stand, stand still, remain standing, be upright, be erect
stola, -ae (f.)	(n.) a long upper garment worn by Roman women, dress
strideo, -ere, -di	(v.) to make a harsh noise, hiss, shriek
studeo, -ere, -ui	(v.) (with dat.) to desire, be eager for; apply oneself to; strive after; to study
studium, -i (n.)	(n.) application, zeal, eagerness, inclination, desire, exertion, study
stultus, -a, -um	(adj.) foolish, stupid
sub	(prep.) (with abl.) under, below, beneath, underneath, behind; (with acc.) under, below, beneath, up to, toward
subito	(adv.) suddenly, immediately, unexpectedly, at once
subsisto, -ere, -stiti	(v.) to take a stand, take position, stand still, remain standing, stop, halt
—, sui, sibi, se, se	(pron.) himself, herself, itself, themselves
sum, esse, fui	(v.) to be
summus, -a, -um	(adj.) uppermost, highest, topmost; chief, main
sumo, -ere, sumpsi, sumptum	(v.) to take, take up, take in hand, lay hold of, assume
super	(prep.) (with acc. and abl.) above, on top, over
superbus, -a, -um	(adj.) haughty, proud, vain, arrogant, insolent, domineering
supero, -are, -avi, -atum	(v.) to overcome, conquer; survive; surpass, be above, have the upper hand
superus, -a, -um	(adj.) that is above, upper, higher; (pl.) the gods
supra	(adv.) above, beyond; over; more than; in charge of, in authority over
surgo, -ere, surrexi, surrectum	(v.) to rise, arise, get up, stand up
suspendo, -ere, -di, suspensum	(v.) to hang up, hang, suspend
sustineo, -ere, -tinui, -tentum	(v.) to hold up, hold upright, uphold, bear up, keep up, support, sustain
suus, -a, -um	(adj.) of oneself, belonging to oneself, his own, her own, his, her, its, their
taberna, -ae (f.)	(n.) tavern, inn, small shop, booth, hut, cottage
tabula, -ae (f.)	(n.) writing tablet (wax covered board); (pl.) records; document, deed, will
taceo, -ere, -cui, -citum	(v.) to be silent, not speak, say nothing
tacitus, -a, -um	(adj.) silent, not spoken of, kept secret, secret, hidden
talis, -e	(adj.) such, of such a kind, such like, the like
tam	(adv.) in such a degree, as much, so, so much
tamen	(adv.) notwithstanding, nevertheless, for all that, however, yet, still
tamquam or tanquam	(adv.) as much as, so as, just as, like as, as if, so to speak
tandem	(adv.) at length, at last, in the end, finally
tango, -ere, tetigi, tactum	(v.) to touch, strike; border on; influence; mention
tantum	(adv.) so much, so greatly; only, merely, but
tantum modo	(adv.) only, merely
tantus, -a, -um	(adj.) of such size, of such ameasure, so great, such, as great (correl. with quantus)
tardus, -a, -um	(adj.) slow; deliberate; late
tectum, -i (n.)	(n.) building, shelter, house, dwelling, roof
tego, -ere, texi, tectum	(v.) to cover, cover over
tellus, -uris (f.)	(n.) the earth, earth, land, globe
telum, -i (n.)	(n.) missile, dart, spear, shaft, javelin
tempestas, -atis (f.)	(n.) storm; period of time, season, weather
templum, -i (n.)	(n.) temple, shrine, sanctuary
tempto (tento), -are, -avi, -atum	(v.) to handle, touch, feel; try, prove, test, attempt
tempus, -oris (n.)	(n.) portion of time, time, period, season, interval
tendo, -ere, tetendi, tentum	(v.) to stretch, spread out, extend, intend
tenebrae, -arum (f. pl.)	(n.) darkness, gloom
teneo, -ere, tenui, tentum	(v.) to hold, keep, have, grasp, hold fast
tener, -era, -erum	(adj.) soft, delicate, tender, yielding
tergum, -i (n.)	(n.) back; hide, skin
terra, -ae (f.)	(n.) the earth, earth, land
terreo, -ere, -ui, -itum	(v.) to frighten; deter
terribilis, -e	(adj.) frightful, terrible
Teucri, -orum (m. pl.)	(proper n.) the Teucrians, Trojans
theatrum, -i (n.)	(n.) theater
timeo, -ere, -ui	(v.) to fear, be afraid, be fearful, apprehensive, dread
timidus, -a, -um	(adj.) timid, cowardly, fearful, apprehensive
timor, -oris (m.)	(n.) fear, dread, apprehension, alarm, anxiety
toga, -ae (f.)	(n.) toga
tollo, -ere, sustuli, sublatum	(v.) to lift, take up, raise, elevate, exalt
torqueo, -ere, torsi, tortum	(v.) to turn, turn about, turn away, twist, bend, wind
tot	(pron.) so many, such a number of, as many...as (tot...quot)
totus, -a, -um	(adj.) all, all the, all at once, whole, entire, total
trado, -ere, -didi, -ditum	(v.) to give up, hand over, deliver, surrender
traho, -ere, traxi, tractum	(v.) to draw, drag, haul, draw off, pull forth, drag away
Traianus, -i (m.)	(proper n.) Trajan, a Roman emperor
trans	(prep.) (with acc.) across, over; beyond; on the other side
transeo, -ire, -ii, -itum	(v.) to go over, go across, cross over, pass over, pass by, pass
tremor, -oris (m.)	(n.) shaking, quaking, quivering, trembling, tremor
tristis, -e	(adj.) sad, mournful, dejected, gloomy, downcast
Troia, -ae (f.)	(proper n.) Troy, a city of Asia Minor
Troianus, -a, -um	(adj.) of Troy, Trojan
tu, tui, tibi, te, te	(pron.) you (singular)
tum	(adv.) then, at that time, in those times
tumultus, -i (m.)	(n.) (a) commotion, confusion, uproar; rebellion, uprising, disturbance
tunc	(adv.) then, at that time, just then, on that occasion
turba, -ae (f.)	(n.) turmoil, riot, disturbance; crowd, multitude
Turnus, -i (m.)	(proper n.) Turnus, prince of the Rutuli and enemy of Aeneas
turpis, -e	(adj.) ugly, unsightly, unseemly, repulsive, foul, filthy; shameful, disgraceful
tutus, -a, -um	(adj.) guarded, safe, secure, out of danger
tuus, -a, -um	(adj.) your, yours, of you (singular)
ubi	(adv.) in which place, in what place, where; when, whenever, as soon as, as
ubique	(adv.) anywhere, everywhere
ullus, -a, -um	(adj.) any, any one
ultimus, -a, -um	(adj.) farthest, most distant, most remote, uttermost, extreme, last
umbra, -ae (f.)	(n.) shade, ghost, shadow
umerus (humerus), -i (m.)	(n.) upper arm, shoulder
umquam	(adv.) at any time, ever
unda, -ae (f.)	(n.) wave, billow
unde	(adv.) from which place, from where, whence
unus, -a, -um	(adj.) one, single; alone, only, sole; a, an
urbs, urbis (f.)	(n.) walled town, city, city of Rome
usus, -us (m.)	(n.) use, practice, employment, exercise, enjoyment
ut or uti	(adv./conj.) how, in what way; as, like; when; that, so that
uterque, utraque, utrumque	(pron./adj.) each, either, each one, one and the other, one as well as the other, both (of two regarded severally)
utor, uti, usus sum	(v.) (with abl.) to use, make use of, employ, profit by, take advantage of, enjoy, serve oneself with
uxor, -is (f.)	(n.) wife
vacuus, -a, -um	(adj.) empty, unoccupied; devoid of, free of
valeo, -ere, -ui, -itum	(v.) to be strong, be vigorous, have strength, be able
varius, -a, -um	(adj.) diverse, different, changing, varying, various
-ve	(enclitic) or, or if you will, or as you please
vehemens, -entis	(adj.) violent, severe; emphatic, vigorous, lively
vel	(conj.) or; either...or (vel...vel)
velut or veluti	(adv.) even as, just as, like as, like
vendo, -ere, -didi, -ditum	(v.) to sell
venio, -ire, veni, ventum	(v.) to come
ventus, -i (m.)	(n.) wind
verbum, -i (n.)	(n.) word
vero	(adv.) in truth, in fact, certainly, truly, to be sure, surely, assuredly
vertex (vortex), -icis (f.)	(n.) whirl, whirlpool, vortex; highest point, top, peak, summit
verto (vorto), -ere, -i, versum	(v.) to turn, turn up, turn back, direct
verus, -a, -um	(adj.) true, real, actual, genuine
vester, -tra, -trum	(adj.) your, yours, of you (pl.)
vestigium, -i (n.)	(n.) footstep, step, footprint; trace, mark, track, vestige
vestis, -is (f.)	(n.) clothes, clothing, attire
vetus, -eris	(adj.) old, aged, advanced in years
vexo, -are, -avi, -atum	(v.) to shake, jolt, toss violently; to annoy, trouble, disturb, vex
via, -ae (f.)	(n.) way, highway, road, path, street
victor, -oris (m.)	(n.) conqueror, vanquisher, victor
victoria, -ae (f.)	(n.) victory
video, -ere, vidi, visum	(v.) to see, discern, perceive; (in passive) to seem
villa, -ae (f.)	(n.) farm, country home, estate; large country residence
vinco, -ere, vici, victum	(v.) to conquer, defeat, be victorious, win, succeed
vinculum or vinclum, -i (n.)	(n.) bond, fastening, band, rope, chain, cord, tie
vinum, -i (n.)	(n.) wine
vir, viri (m.)	(n.) male person, adult male, man
virgo, -inis (f.)	(n.) maid, maiden, virgin, young woman, girl
virtus, -utis (f.)	(n.) manliness, manhood, strength, vigor, bravery, courage, excellence
vis, vis (f.)	(n.) strength, force, vigor, power, energy, virtue
visito, -are, -avi, -atum	(v.) to visit, go to see; look at
vita, -ae (f.)	(n.) life
vitium, -i (n.)	(n.) fault, defect, blemish, imperfection, vice
vitupero, -are, -avi, -atum	(v.) to find fault with, blame, reproach, disparage, scold, censure
vivo, -ere, vixi, victum	(v.) to live, be alive, have life
vivus, -a, -um	(adj.) alive, fresh; living
vix	(adv.) with difficulty, with much ado, hardly, scarcely, barely
voco, -are, -avi, -atum	(v.) to call, summon, invoke, call together, convoke
volo, -are, -avi, -atum	(v.) to fly
volo, velle, volui	(v.) to will, wish, want, purpose, be minded, determine
voluptas, -atis (f.)	(n.) satisfaction, enjoyment, pleasure, delight
volvo, -ere, volvi, volutum	(v.) to cause to revolve, roll, turn about, turn round
vos, vestrum/vestri, vobis, vos, vobis	(pron.) you (pl.)
votum, -i (n.)	(n.) promise to a god, solemn pledge, vow
vox, vocis (f.)	(n.) voice, sound, tone, utterance, cry, call
vulnero (volnero), -are, -avi, -atum	(v.) to wound, harm, pain, distress; damage
vulnus (volnus), -eris (n.)	(n.) wound
vultus (voltus), -us (m.)	(n.) countenance, features, expression, aspect; face
